id,name,brand,price,originalPrice,representativeImageUrl,reviewCount,avgReviewScore,productUrl,categories,detailContent,channelName,keepCount,collectionDate
4977753111,라피타 오토샷 IPL 레이저 제모의료기기 JOC-9000,라피타,258000,N/A,N/A,18468,4.6,https://shopping.naver.com/window-products/beauty/4977753111,['제모기'],N/A,라피타,0,20250703_125653
5521046136,이오시카 IPL 제모의료기기 SIPL-2000 Plus 1개+선글라스1개&시카젤1개,이오시카,350000,N/A,N/A,1626,4.71,https://shopping.naver.com/window-products/beauty/5521046136,['제모기'],N/A,이오시카,0,20250703_125653
5638671708,라피타 글라이딩 오토샷 IPL 제모 의료기기JOL-500K 1개,라피타,258000,N/A,N/A,2915,4.77,https://shopping.naver.com/window-products/beauty/5638671708,['제모기'],N/A,라피타,0,20250703_125653
11487838403,톰 더 글로우 (THE GLOW) 1개 / 물방울 초음파 뷰티디바이스 리프팅 얼굴 고주파 마사지기 피부관리기,톰,999000,N/A,N/A,1637,4.82,https://shopping.naver.com/window-products/beauty/11487838403,['피부케어기기'],N/A,톰 THOME,0,20250703_125653
11666982998,[2025NEW] 유라이크 사파이어쿨링 X2 레이저 제모의료기기 UI20SDB 1개,유라이크,799000,N/A,N/A,203,4.85,https://shopping.naver.com/window-products/beauty/11666982998,['제모기'],N/A,유라이크,0,20250703_125653
5050702652,이오시카 IPL 제모의료기기 SIPL-1000B 1개,이오시카,220000,N/A,N/A,3331,4.68,https://shopping.naver.com/window-products/beauty/5050702652,['제모기'],N/A,이오시카,0,20250703_125653
8016497875,홀리크 네일 흡진기 먼지흡입기 젤네일 쏙오프 1세대 화이트,홀리크,78900,N/A,N/A,1610,4.69,https://shopping.naver.com/window-products/beauty/8016497875,['손발톱정리기'],N/A,홀리크,0,20250703_125653
10169782733,이오시카  IPL 제모의료기기  SIPL-2000 1개,이오시카,225000,N/A,N/A,459,4.74,https://shopping.naver.com/window-products/beauty/10169782733,['제모기'],N/A,이오시카,0,20250703_125653
9773923727,JMW 본사직영 컴팩트 접이식 드라이기 에어플립 MCF5A01A 1개,JMW,102000,N/A,N/A,1240,4.86,https://shopping.naver.com/window-products/beauty/9773923727,['드라이어'],N/A,제이엠더블유,0,20250703_125653
5050702307,이오시카 IPL 제모의료기기 SIPL-1000S 1개,이오시카,300000,N/A,N/A,413,4.68,https://shopping.naver.com/window-products/beauty/5050702307,['제모기'],N/A,이오시카,0,20250703_125653
5520892774,이오시카 IPL 제모의료기기 SIPL-2000B 1개,이오시카,240000,N/A,N/A,1535,4.7,https://shopping.naver.com/window-products/beauty/5520892774,['제모기'],N/A,이오시카,0,20250703_125653
11217991742,메디큐브 부스터프로미니 75g 2종 택1 트러블진정 미백 뷰티디바이스,메디큐브,218000,N/A,N/A,697,4.83,https://shopping.naver.com/window-products/beauty/11217991742,['피부케어기기'],N/A,메디큐브,0,20250703_125653
11010853743,유닉스 데일리 디지털 프리볼트 판고데기 UCI-A3984 1개,유닉스,42000,N/A,N/A,296,4.78,https://shopping.naver.com/window-products/beauty/11010853743,['고데기/매직기'],N/A,유닉스,0,20250703_125653
9969951945,트윙컬 미니 속눈썹고데기 레이트 온열뷰러 C타입충전식 속눈썹펌 컬링,레이트,69000,N/A,N/A,615,4.73,https://shopping.naver.com/window-products/beauty/9969951945,['속눈썹고데기'],N/A,레이트,0,20250703_125653
9540846959,에이블미 페이스 갈바닉 마사지기 1개,에이블미,170200,N/A,N/A,1194,4.76,https://shopping.naver.com/window-products/beauty/9540846959,['피부케어기기'],N/A,에이블미 스토어,0,20250703_125653
11810966074,루모스 헤어 드라이기 고출력 BLDC 가정용 전문가용 드라이기 접이식 휴대용 여행용 1개,루모스,139000,N/A,N/A,22,5.0,https://shopping.naver.com/window-products/beauty/11810966074,['드라이어'],N/A,루모스,0,20250703_125653
11324734128,라피타 IPL 제모 의료기기 오토샷 50만회 JOC-9000 1개+스킨쿨러 1개,라피타,287000,N/A,N/A,163,4.67,https://shopping.naver.com/window-products/beauty/11324734128,['제모기'],N/A,라피타,0,20250703_125653
2264788617,위드웰 갈바닉마사지기 뷰티디바이스 피부관리기 얼굴 마사지기,위드웰,30000,N/A,N/A,339,4.55,https://shopping.naver.com/window-products/beauty/2264788617,['피부케어기기'],N/A,위드웰,0,20250703_125653
10421481102,필리밀리 히팅뷰러 속눈썹 고데기,필리밀리,29900,N/A,N/A,8508,4.77,https://shopping.naver.com/window-products/beauty/10421481102,['기타이미용가전'],N/A,필리밀리,0,20250703_125653
10062774293,유라이크 사파이어 쿨링 팬시 IPL 레이저 제모의료기기 UI06CPR 퍼플브라운 1개,유라이크,599000,N/A,N/A,866,4.81,https://shopping.naver.com/window-products/beauty/10062774293,['제모기'],N/A,유라이크,0,20250703_125653
8362523715,오메가라이트 2세대 PDT 레이저 LED 돔 재생 피부과 피부관리기기,오멜론,1900000,N/A,N/A,182,4.88,https://shopping.naver.com/window-products/beauty/8362523715,['피부케어기기'],N/A,오멜론,0,20250703_125653
5520903313,이오시카 IPL 제모의료기기 SIPL-2000S 1개,이오시카,320000,N/A,N/A,284,4.68,https://shopping.naver.com/window-products/beauty/5520903313,['제모기'],N/A,이오시카,0,20250703_125653
11779291475,루모스 무선 미니고데기 C타입 충전식 판고데기 VILHS01B 1개,루모스,49900,N/A,N/A,870,4.75,https://shopping.naver.com/window-products/beauty/11779291475,['고데기/매직기'],N/A,루모스,0,20250703_125653
5091532941,라피타 저자극 5in1실크프로 가정용 제모기 모근제거기 여성면도기,라피타,59600,N/A,N/A,2952,4.53,https://shopping.naver.com/window-products/beauty/5091532941,['제모기'],N/A,라피타,0,20250703_125653
11514577225,유라이크 사파이어 쿨링 팬시 IPL 레이저 제모의료기기 UI06CPN 핑크 1개,유라이크,599000,N/A,N/A,396,4.84,https://shopping.naver.com/window-products/beauty/11514577225,['제모기'],N/A,유라이크,0,20250703_125653
10709470239,[위드샨] 퍼펙트 프로 젤램프 298W 1개,위드샨,68000,N/A,N/A,132,4.87,https://shopping.naver.com/window-products/beauty/10709470239,['손발톱정리기'],N/A,위드샨,0,20250703_125653
10922748105,JMW 본사직영 무빙쿠션 프리볼트 고데기 플랫핑크 SW3A01MA 1개,JMW,69000,N/A,N/A,40,4.8,https://shopping.naver.com/window-products/beauty/10922748105,['고데기/매직기'],N/A,제이엠더블유,0,20250703_125653
10834585012,달바 올쎄라 더블샷 / 뷰티 디바이스,달바,700000,N/A,N/A,2920,4.76,https://shopping.naver.com/window-products/beauty/10834585012,['피부케어기기'],N/A,달바,0,20250703_125653
11619619986,"[2025 NEW] 라피타 오크레이저 IPL 레이저 제모 의료기기, IPL With Shaving",라피타,298000,N/A,N/A,601,4.7,https://shopping.naver.com/window-products/beauty/11619619986,['제모기'],N/A,라피타,0,20250703_125653
9773941564,JMW 본사직영 스타일온 판고데기 무빙쿠션 오일코팅 매직기 WS60 1개,JMW,158000,N/A,N/A,38,4.84,https://shopping.naver.com/window-products/beauty/9773941564,['고데기/매직기'],N/A,제이엠더블유,0,20250703_125653
7509535752,에이뷰티 에그디바이스2 블루 진동 전동 클렌저 클렌징디바이스 뷰티디바이스 피부마사지기,A-beauty,169000,N/A,N/A,31,4.9,https://shopping.naver.com/window-products/beauty/7509535752,['피부케어기기'],N/A,에이뷰티,0,20250703_125653
11324736461,라피타 글라이딩 오토샷 IPL 제모 의료기기JOL-500K 1개 +스킨쿨러 1개,라피타,287000,N/A,N/A,146,4.8,https://shopping.naver.com/window-products/beauty/11324736461,['제모기'],N/A,라피타,0,20250703_125653
6929666529,예스뷰티 미용실 항공모터 냉풍 헤어드라이기 + 무타공 거치대,예스뷰티,128000,N/A,N/A,304,4.86,https://shopping.naver.com/window-products/beauty/6929666529,['드라이어'],N/A,예스뷰티,0,20250703_125653
11701670225,메이크온 스킨 라이트 테라피3 1개,메이크온,350000,N/A,N/A,7,5.0,https://shopping.naver.com/window-products/beauty/11701670225,['피부케어기기'],N/A,메이크온,0,20250703_125653
11696172627,라피타 오크레이저 IPL 제모 의료기기 IPL With Shaving1개+스킨쿨러1개,라피타,327000,N/A,N/A,31,4.61,https://shopping.naver.com/window-products/beauty/11696172627,['제모기'],N/A,라피타,0,20250703_125653
5538199367,유라이크 사파이어쿨링 IPL 제모 의료기기 UI04M 반영구 딥그린,유라이크,489000,N/A,N/A,6935,4.78,https://shopping.naver.com/window-products/beauty/5538199367,['제모기'],N/A,유라이크,0,20250703_125653
1003529055,바나브 UP5 - 5 in 1 갈바닉 이온 마사지기 얼굴마사지기구 피부관리기 피부미용기기 와이프생일선물,바나브,228000,N/A,N/A,207,4.72,https://shopping.naver.com/window-products/beauty/1003529055,['피부케어기기'],N/A,바나브,0,20250703_125653
11314799846,메디큐브 하이포커스샷 초음파 하이푸 얼굴마사지기,메디큐브,558000,N/A,N/A,304,4.79,https://shopping.naver.com/window-products/beauty/11314799846,['피부케어기기'],N/A,메디큐브,0,20250703_125653
10985430664,[플러스에어 공식몰]헤어드라이기 마타하리 1개,플러스에어,140000,N/A,N/A,1524,4.82,https://shopping.naver.com/window-products/beauty/10985430664,['드라이어'],N/A,플러스에어 공식스토어,0,20250703_125653
5400214329,접이식 헤어드라이기 3종자석노즐 저소음 냉온풍 가벼운 여행용 레이트 1st 드라이기 F600,레이트,79000,N/A,N/A,2137,4.71,https://shopping.naver.com/window-products/beauty/5400214329,['드라이어'],N/A,레이트,0,20250703_125653
10985478235,홈쎄라 씬비 EMS마사지기 바디마사지기 슬림 팔다리 종아리 복부 바디관리기 탄력 디바이스,홈쎄라,990000,N/A,N/A,22,4.77,https://shopping.naver.com/window-products/beauty/10985478235,['피부케어기기'],N/A,아띠베뷰티,0,20250703_125653
10853230329,밴드스토어 뷰티디바이스 갈바닉 고주파 얼굴 마사지기 리프팅 홈케어 EMS 피부관리기 1개,밴드스토어,168000,N/A,N/A,59,4.92,https://shopping.naver.com/window-products/beauty/10853230329,['피부케어기기'],N/A,밴드스토어,0,20250703_125653
9773913591,JMW 본사직영 더 가벼워진 에어슈팅 드라이기 MC3A01A 1개,JMW,89000,N/A,N/A,199,4.76,https://shopping.naver.com/window-products/beauty/9773913591,['드라이어'],N/A,제이엠더블유,0,20250703_125653
11305841998,메디큐브 탄력 복구회복 2종세트 초음파 고주파 하이푸 (울트라튠+하이 포커스샷),메디큐브,1256000,N/A,N/A,103,4.86,https://shopping.naver.com/window-products/beauty/11305841998,['피부케어기기'],N/A,메디큐브,0,20250703_125653
4764049491,[쉬매료] SUN X5 MAX UV/LED 젤네일램프,쉬매료,89000,N/A,N/A,1000,4.81,https://shopping.naver.com/window-products/beauty/4764049491,['손발톱정리기'],N/A,쉬매료,0,20250703_125653
11497608205,25년 신제품 JMW 전 세계 사용 프리볼트 접이식 드라이기 프리고 MVF6A01A 1개,JMW,168000,N/A,N/A,31,4.81,https://shopping.naver.com/window-products/beauty/11497608205,['드라이어'],N/A,제이엠더블유,0,20250703_125653
8174566420,동화약품 부채표 후시다인 후시드 부스터 미용기기,후시다인,198000,N/A,N/A,226,4.83,https://shopping.naver.com/window-products/beauty/8174566420,['피부케어기기'],N/A,후시다인,0,20250703_125653
8005669540,동국제약 센텔리안24 마데카프라임 홈케어 뷰티디바이스 1개+ 겔마스크 1박스 + 병풀 미스트 1개 + 모공 클렌저 1개+앰플 샤쉐 6종 + 쇼핑백 / 뷰티디바이스 홈케어기기,센텔리안24,459000,N/A,N/A,2398,4.74,https://shopping.naver.com/window-products/beauty/8005669540,['피부케어기기'],N/A,센텔리안24,0,20250703_125653
11533985102,청담스타일 더블액션 고데기 브러쉬 메탈그레이 1개,청담스타일,69900,N/A,N/A,52,4.56,https://shopping.naver.com/window-products/beauty/11533985102,['고데기/매직기'],N/A,청담스타일,0,20250703_125653
11314738431,메디큐브 울트라튠 40.68MHz 고주파 얼굴마사지기,메디큐브,698000,N/A,N/A,160,4.71,https://shopping.naver.com/window-products/beauty/11314738431,['피부케어기기'],N/A,메디큐브,0,20250703_125653
10770086855,오멜론 오메가펜 모공 디바이스 오토 MTS 기계 나노 니들 가정용 amts 뷰티 홈케어,오멜론,197000,N/A,N/A,115,4.81,https://shopping.naver.com/window-products/beauty/10770086855,['피부케어기기'],N/A,오멜론,0,20250703_125653
10972058006,유닉스 BLDC 디오 저소음 경량 드라이기 UN-A7300N 1개,유닉스,109900,N/A,N/A,17476,4.89,https://shopping.naver.com/window-products/beauty/10972058006,['드라이어'],N/A,유닉스,0,20250703_125653
2106297711,박준뷰티랩 아델라 판고데기 PJP-1703 볼륨매직기 미용실고데기 가벼운 가성비고대기,박준,39000,N/A,N/A,2451,4.72,https://shopping.naver.com/window-products/beauty/2106297711,['고데기/매직기'],N/A,박준,0,20250703_125653
10858689476,고주파 마사지기 얼굴 눈밑 지방제거 뷰티 디바이스 팔자주름 눈가 리프팅 홈케어 밴드스토어,밴드스토어,142000,N/A,N/A,89,4.82,https://shopping.naver.com/window-products/beauty/10858689476,['피부케어기기'],N/A,밴드스토어,0,20250703_125653
9887749318,볼리움 1대 기획 (+전용젤크림2+쇼핑백) 슈링크회사 고주파 뷰티디바이스,스케덤,697000,N/A,N/A,219,4.82,https://shopping.naver.com/window-products/beauty/9887749318,['피부케어기기'],N/A,슈링크알엑스,0,20250703_125653
9490461898,루토닉스 두피마사지기 1개 / 두피괄사 모낭염 두피케어 볼륨부스터,루토닉스,199000,N/A,N/A,25,4.56,https://shopping.naver.com/window-products/beauty/9490461898,['두피케어기기'],N/A,루토닉스,0,20250703_125653
8344558722,오멜론 오메가 amts 오토 MTS 니들 프리미엄 기계 국산 홈케어 피부 모공 탄력 관리기,오멜론,340000,N/A,N/A,143,4.78,https://shopping.naver.com/window-products/beauty/8344558722,['피부케어기기'],N/A,오멜론,0,20250703_125653
5852197355,박준뷰티랩 2종 트리머 코털 제거기 PJP-4800 눈썹정리 전동 코털면도 콧털정리 제모기,박준,39000,N/A,N/A,606,4.56,https://shopping.naver.com/window-products/beauty/5852197355,['코털제거기'],N/A,박준,0,20250703_125653
5765055260,팅커펜 오토 MTS 셀프 amts 피부 홈케어 미용 뷰티디바이스 나노 더마펜 관리기 실리콘 니들,팅커펜,169000,N/A,N/A,2221,4.66,https://shopping.naver.com/window-products/beauty/5765055260,['피부케어기기'],N/A,메이크페이스,0,20250703_125653
5653293134,[쿨링기능]라피타 쏘쿨 쿨링 IPL 레이저 제모의료기기 So Cool-500K 1개,라피타,398000,N/A,N/A,301,4.74,https://shopping.naver.com/window-products/beauty/5653293134,['제모기'],N/A,라피타,0,20250703_125653
5366902112,예스뷰티 전문가용 뿌리볼륨 나이아가라고데기 다이렉트 크롬코팅 YB-2700L,예스뷰티,157200,N/A,N/A,13,4.85,https://shopping.naver.com/window-products/beauty/5366902112,['고데기/매직기'],N/A,예스뷰티,0,20250703_125653
11810968867,루모스 무선 미니 고데기 뿌리볼륨 앞머리 휴대용 짧은머리 판고데기 C타입 충전식 화이트 1개,루모스,69900,N/A,N/A,128,4.55,https://shopping.naver.com/window-products/beauty/11810968867,['고데기/매직기'],N/A,루모스,0,20250703_125653
10986245857,예스뷰티 전문가용 아이롱 온도조절 여신 웨이브 미용실 봉고데기 YB-377 1개,예스뷰티,78600,N/A,N/A,319,4.87,https://shopping.naver.com/window-products/beauty/10986245857,['고데기/매직기'],N/A,예스뷰티,0,20250703_125653
9780967299,JMW 본사직영 터치센서 드라이기 터치온 MCS60 1개,JMW,158000,N/A,N/A,58,4.9,https://shopping.naver.com/window-products/beauty/9780967299,['드라이어'],N/A,제이엠더블유,0,20250703_125653
9318031790,레츠퀸 루나pick 청담샵 빗고데기 매직기 1개,레츠퀸,68800,N/A,N/A,84,4.75,https://shopping.naver.com/window-products/beauty/9318031790,['고데기/매직기'],N/A,레츠퀸,0,20250703_125653
8157781499,펄케어 뉴소닉 고주파 갈바닉 마사지기 EMS 피부 관리기,펄케어,80000,N/A,N/A,1945,4.72,https://shopping.naver.com/window-products/beauty/8157781499,['피부케어기기'],N/A,펄케어,0,20250703_125653
7673170261,바렌 패디퍼펙트 전동 발각질 제거기 퍼플에디션 발 뒤꿈치 발바닥 굳은살 제거 패디플래닝,바렌,225000,N/A,N/A,7161,4.88,https://shopping.naver.com/window-products/beauty/7673170261,['피부케어기기'],N/A,바렌,0,20250703_125653
5392139878,예스뷰티 전문가용 미용실 스타일링 헤어드라이기 YB-1380P (핑크에디션) 1개,예스뷰티,56000,N/A,N/A,164,4.95,https://shopping.naver.com/window-products/beauty/5392139878,['드라이어'],N/A,예스뷰티,0,20250703_125653
9969631247,레이트 베이직 헤어드라이기 냉온풍,레이트,49900,N/A,N/A,33,4.67,https://shopping.naver.com/window-products/beauty/9969631247,['드라이어'],N/A,레이트,0,20250703_125653
8319100371,이오시카 IPL 제모의료기기 SIPL-22 듀얼프로 1개,이오시카,350000,N/A,N/A,471,4.69,https://shopping.naver.com/window-products/beauty/8319100371,['제모기'],N/A,이오시카,0,20250703_125653
7851616165,아이빛네일 비트케이스 네일드릴 비트꽂이 보관함 25구,쉬매료,12000,N/A,N/A,16,4.56,https://shopping.naver.com/window-products/beauty/7851616165,['이미용가전액세서리'],N/A,쉬매료,0,20250703_125653
5648483688,리클레어 이온더블케어 전동 토너미스트기 1개,리클레어,89000,N/A,N/A,158,4.78,https://shopping.naver.com/window-products/beauty/5648483688,['피부케어기기'],N/A,리클레어,0,20250703_125653
11839124028,레스노베 코어 임팩트 (퓨어 화이트) 235g 1대 / 홈케어 뷰티디바이스 주름 모공 탄력 울트라샷 초음파 얼굴 피부관리기,레스노베,658000,N/A,N/A,1,4.0,https://shopping.naver.com/window-products/beauty/11839124028,['피부케어기기'],N/A,레스노베,0,20250703_125653
11433741815,유닉스 에어샷 랩모션 라이트 플라즈마 스타일러 UN-W3980 1개,유닉스,270000,N/A,N/A,331,4.82,https://shopping.naver.com/window-products/beauty/11433741815,['에어브러시'],N/A,유닉스,0,20250703_125653
11306021934,메디큐브 프리미엄 동안 볼륨 2종 세트 (부스터프로+울트라튠),메디큐브,1356000,N/A,N/A,134,4.87,https://shopping.naver.com/window-products/beauty/11306021934,['피부케어기기'],N/A,메디큐브,0,20250703_125653
11034146935,[4월 리뉴얼] 메이크온 젬 소노 테라피 릴리프 (속건조 근본개선),메이크온,325000,N/A,N/A,263,4.77,https://shopping.naver.com/window-products/beauty/11034146935,['피부케어기기'],N/A,메이크온,0,20250703_125653
10797207947,[위드샨] 프로 젤램프 라이트 48W LED/UV 네일램프 1개,위드샨,33900,N/A,N/A,102,4.76,https://shopping.naver.com/window-products/beauty/10797207947,['손발톱정리기'],N/A,위드샨,0,20250703_125653
1003551330,바나브 타임머신 갈바닉 괄사 마사지기 데콜테 얼굴 피부 관리기 가정용 뷰티디바이스,바나브,88000,N/A,N/A,1012,4.61,https://shopping.naver.com/window-products/beauty/1003551330,['피부케어기기'],N/A,바나브,0,20250703_125653
10529224977,[위드샨] 프로 맥스 네일 드릴 + 비트6종 + 세라믹비트3종 세트 1개,위드샨,89000,N/A,N/A,190,4.88,https://shopping.naver.com/window-products/beauty/10529224977,['손발톱정리기'],N/A,위드샨,0,20250703_125653
10481073410,예스뷰티 전문가용 미용실 스테디셀러 헤어 드라이기 1개+무타공 벽걸이 드라이기 거치대 1개,예스뷰티,63000,N/A,N/A,125,4.7,https://shopping.naver.com/window-products/beauty/10481073410,['드라이어'],N/A,예스뷰티,0,20250703_125653
9318048358,[레츠퀸] AZ100 에어볼륨브러쉬 고데기 1개,레츠퀸,49000,N/A,N/A,2,4.5,https://shopping.naver.com/window-products/beauty/9318048358,['고데기/매직기'],N/A,레츠퀸,0,20250703_125653
9063940499,동국제약 센텔리안24 마데카 프라임 탱글 샷 뷰티디바이스 1개 + 겔마스크 1박스 + 병풀 미스트 1개 + 모공 클렌저 1개+ 앰플 샤쉐 6종 + 쇼핑백 / 뷰티디바이스 홈케어기기,센텔리안24,369000,N/A,N/A,532,4.76,https://shopping.naver.com/window-products/beauty/9063940499,['피부케어기기'],N/A,센텔리안24,0,20250703_125653
8063906570,바비온 퓨어풋 크리스탈 무선 전동 발 각질 제거기 BFG-01 뒤꿈치 발바닥 굳은살 제거 1개,바비온,140000,N/A,N/A,12,4.83,https://shopping.naver.com/window-products/beauty/8063906570,['피부케어기기'],N/A,바비온,0,20250703_125653
5550605339,유라이크 사파이어쿨링 IPL 제모 의료기기 UI04G 반영구 민트,유라이크,489000,N/A,N/A,418,4.77,https://shopping.naver.com/window-products/beauty/5550605339,['제모기'],N/A,유라이크,0,20250703_125653
5550088303,유라이크 사파이어쿨링 IPL 제모 의료기기 UI04W 반영구 화이트,유라이크,489000,N/A,N/A,863,4.79,https://shopping.naver.com/window-products/beauty/5550088303,['제모기'],N/A,유라이크,0,20250703_125653
5441145140,바비온 전문가용 이발기 SBC-650 남자 바리깡 미용실 클리퍼 1개,바비온,40000,N/A,N/A,352,4.75,https://shopping.naver.com/window-products/beauty/5441145140,['이발기'],N/A,바비온,0,20250703_125653
11305991116,"메디큐브 윤곽집중 2종 세트_부스터프로, 하이포커스샷 / 윤곽 스킨부스터 마사지기",메디큐브,1216000,N/A,N/A,29,4.69,https://shopping.naver.com/window-products/beauty/11305991116,['피부케어기기'],N/A,메디큐브,0,20250703_125653
11239832522,JMW 본사직영 터치온 차콜그레이 기획 패키지 (터치온+거치대+미니샴푸) 1개,jmw,189000,N/A,N/A,9,4.78,https://shopping.naver.com/window-products/beauty/11239832522,['드라이어'],N/A,제이엠더블유,0,20250703_125653
11202104372,플러스에어 헤어 드라이어 HM-3 1개,플러스에어,120000,N/A,N/A,79,4.84,https://shopping.naver.com/window-products/beauty/11202104372,['드라이어'],N/A,플러스에어 공식스토어,0,20250703_125653
11097300048,[글로우비] 손상모 셀프커팅 고데기 1개,글로우비,110000,N/A,N/A,120,4.57,https://shopping.naver.com/window-products/beauty/11097300048,['고데기/매직기'],N/A,글로우비,0,20250703_125653
10673160441,포레오 진동클렌저 루나 3 미니 (라벤더) 1개,포레오,218000,N/A,N/A,46,4.85,https://shopping.naver.com/window-products/beauty/10673160441,['피부케어기기'],N/A,포레오 공식 스토어,0,20250703_125653
10673092713,포레오 진동클렌저 루나 4 미니 (라벤더) 1개,포레오,243000,N/A,N/A,33,4.73,https://shopping.naver.com/window-products/beauty/10673092713,['피부케어기기'],N/A,포레오 공식 스토어,0,20250703_125653
10467960932,[위드샨] 터치 핀큐어 젤램프 + 거치대 세트 1개 네일기계 LED UV 시간표시,위드샨,29000,N/A,N/A,94,4.78,https://shopping.naver.com/window-products/beauty/10467960932,['손발톱정리기'],N/A,위드샨,0,20250703_125653
10302132318,JMW 본사직영 프리미엄 LED케어 드라이기 루미에어 2.0 STL7101A 1개,JMW,416000,N/A,N/A,42,4.67,https://shopping.naver.com/window-products/beauty/10302132318,['드라이어'],N/A,제이엠더블유,0,20250703_125653
9793344718,쇼시 윈드랩 헤어드라이기 초강력 에어터보 휴대용 여행용,쇼시,140000,N/A,N/A,473,4.94,https://shopping.naver.com/window-products/beauty/9793344718,['드라이어'],N/A,ShowSee,0,20250703_125653
9787131478,JMW 본사직영 프리미엄 디지털 드라이기 MS80 1개,JMW,300000,N/A,N/A,17,5.0,https://shopping.naver.com/window-products/beauty/9787131478,['드라이어'],N/A,제이엠더블유,0,20250703_125653
9062123073,예스뷰티 티타늄 미용실 짧은머리 남자고데기 YB-853 1개,예스뷰티,84300,N/A,N/A,121,4.67,https://shopping.naver.com/window-products/beauty/9062123073,['고데기/매직기'],N/A,예스뷰티,0,20250703_125653
8401695694,르꽁뜨바이헤어 속볼륨 시즌2 펌에어브러쉬 SSK005HI 1개,르꽁뜨바이헤어,69900,N/A,N/A,229,4.58,https://shopping.naver.com/window-products/beauty/8401695694,['에어브러시'],N/A,르꽁뜨바이헤어,0,20250703_125653
5813888103,쥬베라 온열뷰러 속눈썹고데기 퍼플 탄젤로 화이트 3.5cm x 1.8cm x 9.7cm 1개,쥬베라,79800,N/A,N/A,9559,4.77,https://shopping.naver.com/window-products/beauty/5813888103,['속눈썹고데기'],N/A,쥬베라,0,20250703_125653
5468904136,예스뷰티 전문가용 고데기 YB-6300R 반달 뿌리볼륨 C컬 S컬 앞머리 미용실 남자매직기 1개,예스뷰티,84300,N/A,N/A,263,4.73,https://shopping.naver.com/window-products/beauty/5468904136,['고데기/매직기'],N/A,예스뷰티,0,20250703_125653
5076766843,바디스핀 슬림탄탄 바디메이커 1개 (본체+롤러 2종),바디스핀,295000,N/A,N/A,77,4.68,https://shopping.naver.com/window-products/beauty/5076766843,['기타이미용가전'],N/A,바디스핀,0,20250703_125653
10985436915,[플러스에어 공식몰] 헤어 드라이기 H20 드라이어 1개,플러스에어,94800,N/A,N/A,2869,4.8,https://shopping.naver.com/window-products/beauty/10985436915,['드라이어'],N/A,플러스에어 공식스토어,0,20250703_125653
10855049640,JMW 본사직영 에어슈팅 기획 패키지 (에어슈팅+전용 거치대) 1개,JMW,109000,N/A,N/A,2,5.0,https://shopping.naver.com/window-products/beauty/10855049640,['드라이어'],N/A,제이엠더블유,0,20250703_125653
10482263301,예스뷰티 미용실 나이아가라 고데기 다이렉트 기계 YB-2700 뿌리 볼륨 온도조절  1개,예스뷰티,74300,N/A,N/A,429,4.82,https://shopping.naver.com/window-products/beauty/10482263301,['고데기/매직기'],N/A,예스뷰티,0,20250703_125653
9998515524,라피타 사파이어 쿨링 제모 의료기기 IPL DUAL 1개,라피타,398000,N/A,N/A,743,4.66,https://shopping.naver.com/window-products/beauty/9998515524,['제모기'],N/A,라피타,0,20250703_125653
9969803666,레이트 RT-CHI1225 크롬도금 온도조절 샤인컬 봉고데기 25mm 로즈골드핑크,레이트,85000,N/A,N/A,35,4.71,https://shopping.naver.com/window-products/beauty/9969803666,['고데기/매직기'],N/A,레이트,0,20250703_125653
9834118915,JMW 본사직영 볼륨 웨이브 물결 열판교체 프리미엄 봉고데기 픽앤컬 WCS60 1개,JMW,198000,N/A,N/A,7,4.86,https://shopping.naver.com/window-products/beauty/9834118915,['고데기/매직기'],N/A,제이엠더블유,0,20250703_125653
9811141257,JMW 본사직영 컬링 아이론 볼륨 봉고데기 컬링온 WCS5A 1개,JMW,119000,N/A,N/A,34,4.62,https://shopping.naver.com/window-products/beauty/9811141257,['고데기/매직기'],N/A,제이엠더블유,0,20250703_125653
9768681666,글로웍스 4D 모션 진동 뷰티 디바이스 1개,글로웍스,80000,N/A,N/A,36,4.69,https://shopping.naver.com/window-products/beauty/9768681666,['피부케어기기'],N/A,글로웍스,0,20250703_125653
9766776521,글로웍스 4D 모션 글로우 스킨 부스터 1개 + 필리앰플 패드 7매 피부관리기 얼굴마사지기 뷰티 디바이스 각질 피지,글로웍스,88000,N/A,N/A,1221,4.92,https://shopping.naver.com/window-products/beauty/9766776521,['피부케어기기'],N/A,글로웍스,0,20250703_125653
9743304005,글로웍스 4D 모션 진동 뷰티 디바이스 1개 + 4D 클렌징 브러쉬 1개,글로웍스,100000,N/A,N/A,31,4.68,https://shopping.naver.com/window-products/beauty/9743304005,['피부케어기기'],N/A,글로웍스,0,20250703_125653
9540843877,에이블미 아쿠아 필링기 1개,에이블미,52800,N/A,N/A,110,4.65,https://shopping.naver.com/window-products/beauty/9540843877,['피부케어기기'],N/A,에이블미 스토어,0,20250703_125653
9069553306,펄케어 헤어 갈바닉 두피 마사지기 관리기 고주파 EMS 적색광 탈모 관리 솔루션 마이녹실 도포기,펄케어,190000,N/A,N/A,234,4.83,https://shopping.naver.com/window-products/beauty/9069553306,['두피케어기기'],N/A,펄케어,0,20250703_125653
8595801773,왁스키스 셀프왁싱 가정용 올인원 워머기키트,왁스키스,32800,N/A,N/A,272,4.79,https://shopping.naver.com/window-products/beauty/8595801773,['기타이미용가전'],N/A,왁스키스,0,20250703_125653
8455885853,유라이크 사파이어 쿨링 프로 제모 의료기기 UI05SG,유라이크,589000,N/A,N/A,408,4.94,https://shopping.naver.com/window-products/beauty/8455885853,['제모기'],N/A,유라이크,0,20250703_125653
8272207603,오멜론 오메가소닉 하이푸리프팅 8000샷 카트리지 1개,오멜론,550000,N/A,N/A,5,5.0,https://shopping.naver.com/window-products/beauty/8272207603,['이미용가전액세서리'],N/A,오멜론,0,20250703_125653
8003942220,바르나 네일비트 네일드릴 세척 청소 클리너 브러쉬 1개,바르나,2000,N/A,N/A,7,3.86,https://shopping.naver.com/window-products/beauty/8003942220,['이미용가전액세서리'],N/A,바르나(BARNA),0,20250703_125653
7894450867,바비온 전동 눈썹 정리기 다듬기 바리깡 제모기 칼 EBC-102,바비온,24900,N/A,N/A,65,4.75,https://shopping.naver.com/window-products/beauty/7894450867,['눈썹정리기'],N/A,바비온,0,20250703_125653
7389031163,"예스뷰티 헤어 볼류머 전문가용 드라이기 YB-T1, 1개",예스뷰티,198000,N/A,N/A,36,4.89,https://shopping.naver.com/window-products/beauty/7389031163,['드라이어'],N/A,예스뷰티,0,20250703_125653
7033160568,메리쏘드 릴롱 뷰러 USB 충전식 속눈썹 고데기 1개 히팅 온열 속눈썹컬링기,메리쏘드,29800,N/A,N/A,160,4.12,https://shopping.naver.com/window-products/beauty/7033160568,['기타이미용가전'],N/A,메리쏘드,0,20250703_125653
6834323520,차홍 볼륨 롤 1ea,차홍,11000,N/A,N/A,21,4.86,https://shopping.naver.com/window-products/beauty/6834323520,['헤어롤/롤셋'],N/A,차홍,0,20250703_125653
5753452226,박준뷰티랩 글램블로우 티타늄 프리볼트 고데기 PJP-5001 볼륨 앞머리 고대기,박준,240000,N/A,N/A,118,4.88,https://shopping.naver.com/window-products/beauty/5753452226,['고데기/매직기'],N/A,박준,0,20250703_125653
5503359999,제니아 WJM-6600 2in1 롤&판 볼륨 헤어 고데기 1개,JENIA,29900,N/A,N/A,376,4.34,https://shopping.naver.com/window-products/beauty/5503359999,['고데기/매직기'],N/A,제니아,0,20250703_125653
5248934308,[블랙헤드/아쿠아필] 라피타 수소 아쿠아 워터필링기 피지흡입기 각질관리 JOC-H2,라피타,218000,N/A,N/A,1504,4.52,https://shopping.naver.com/window-products/beauty/5248934308,['피부케어기기'],N/A,라피타,0,20250703_125653
5060644413,이오시카 M1 피부관리기 풀세트 고주파 갈바닉 EMS 쿨링 올인원 마사지기 1개+글레이셜젤 3개,이오시카,500000,N/A,N/A,239,4.77,https://shopping.naver.com/window-products/beauty/5060644413,['피부케어기기'],N/A,이오시카,0,20250703_125653
4782598090,엘리뷰 자동롤러고데기 회전 봉고데기 웨이브 볼륨 아이롱 오토 롤링 고대기 1개,엘리뷰,69800,N/A,N/A,617,4.6,https://shopping.naver.com/window-products/beauty/4782598090,['고데기/매직기'],N/A,엘리뷰,0,20250703_125653
4561612589,비비도 초초 눈가 진동 마사지기 갈바닉 이온 괄사 눈가 볼 얼굴,엘핑,12500,N/A,N/A,276,4.59,https://shopping.naver.com/window-products/beauty/4561612589,['피부케어기기'],N/A,비비도,0,20250703_125653
4202729888,블랙헤드 제거 피지압출기 뷰티석션 페이스팩토리,페이스팩토리,49900,N/A,N/A,128,4.23,https://shopping.naver.com/window-products/beauty/4202729888,['피부케어기기'],N/A,페이스팩토리,0,20250703_125653
3564433875,비비도 실리콘 진동 클렌저 전동 세안기 피부 관리기 뷰티 미용기기 피부 케어 관리,엘핑,49800,N/A,N/A,147,4.44,https://shopping.naver.com/window-products/beauty/3564433875,['피부케어기기'],N/A,비비도,0,20250703_125653
2319130803,[마르시끄] 속눈썹 고데기 드라이기 매직래쉬,마르시끄,59000,N/A,N/A,4796,4.27,https://shopping.naver.com/window-products/beauty/2319130803,['속눈썹고데기'],N/A,마르시끄,0,20250703_125653
11839103136,레스노베 코어 임팩트 (미드나잇 블랙) 235g 1대 / 홈케어 뷰티디바이스 주름 모공 탄력 울트라샷 초음파 얼굴 피부관리기,레스노베,658000,N/A,N/A,6,4.5,https://shopping.naver.com/window-products/beauty/11839103136,['피부케어기기'],N/A,레스노베,0,20250703_125653
11729829713,릴릴 웨이브 진동클렌저 3세대 실리콘 브러쉬 블랙헤드제거 모공축소 뷰티디바이스,릴릴,169000,N/A,N/A,202,4.83,https://shopping.naver.com/window-products/beauty/11729829713,['피부케어기기'],N/A,릴릴 LYLYL,0,20250703_125653
11644550658,[위드샨] 프라임 네일 드릴 1개 + 비트 6종 + 세라믹비트 2종,위드샨,59000,N/A,N/A,22,4.36,https://shopping.naver.com/window-products/beauty/11644550658,['손발톱정리기'],N/A,위드샨,0,20250703_125653
11188147138,시크릿 코드 1ea,바나브,648000,N/A,N/A,49,4.88,https://shopping.naver.com/window-products/beauty/11188147138,['피부케어기기'],N/A,바나브,0,20250703_125653
11183389139,부띠끄코리아 네일드릴비트 로즈골드 3종 1개 쏙오프,부띠끄코리아,18000,N/A,N/A,34,4.74,https://shopping.naver.com/window-products/beauty/11183389139,['이미용가전액세서리'],N/A,부띠끄코리아,0,20250703_125653
11182234944,제니퍼 다까네 무선 젤 셀프 네일 드릴 발톱 스케일링 그라인더 32cm 22cm 6cm 1개,제니퍼,230000,N/A,N/A,104,4.89,https://shopping.naver.com/window-products/beauty/11182234944,['손발톱정리기'],N/A,제니퍼,0,20250703_125653
11097203457,브링오가닉 셀프왁싱 워머기 세트 슈가왁스 100g + 워머기 1대 + 스파출라 10pcs,브링오가닉,59900,N/A,N/A,3859,4.48,https://shopping.naver.com/window-products/beauty/11097203457,['기타이미용가전'],N/A,브링오가닉,0,20250703_125653
11034147872,[4월 리뉴얼] 메이크온 스킨 라이트 테라피 3S (국내유일 3초진단),메이크온,475000,N/A,N/A,1535,4.81,https://shopping.naver.com/window-products/beauty/11034147872,['피부케어기기'],N/A,메이크온,0,20250703_125653
11016865700,필립스 샤티넬 어드밴스 모근제거기 제모기 BRE700/00_1개,필립스,169000,N/A,N/A,1091,4.75,https://shopping.naver.com/window-products/beauty/11016865700,['제모기'],N/A,필립스,0,20250703_125653
11010798899,유닉스 케어 디지털 프리볼트 판고데기 UCI-A3940 1개,유닉스,46000,N/A,N/A,221,4.75,https://shopping.naver.com/window-products/beauty/11010798899,['고데기/매직기'],N/A,유닉스,0,20250703_125653
10939976130,동국제약 센텔리안24 마데카 프라임 리추얼 화이트 펄1개+ 겔 마스크 1박스+ 병풀 미스트 100ml + 모공 클렌저 120ml + 쇼핑백 / 고주파 괄사마사지기 뷰티디바이스 홈,센텔리안24,349000,N/A,N/A,1056,4.81,https://shopping.naver.com/window-products/beauty/10939976130,['피부케어기기'],N/A,센텔리안24,0,20250703_125653
10877267731,밴드스토어 홈에스테틱 안티에이징 EMS 갈바닉 얼굴마사지기 BDS-C812 화이트 1개,밴드스토어,110000,N/A,N/A,1,4.0,https://shopping.naver.com/window-products/beauty/10877267731,['피부케어기기'],N/A,밴드스토어,0,20250703_125653
10673245919,포레오 진동클렌저 루나 3 미니 (썬플라워 옐로우) 1개,포레오,218000,N/A,N/A,6,5.0,https://shopping.naver.com/window-products/beauty/10673245919,['피부케어기기'],N/A,포레오 공식 스토어,0,20250703_125653
10672787525,포레오 진동클렌저 루나 4 고 에버그린 1개,포레오,174000,N/A,N/A,52,4.94,https://shopping.naver.com/window-products/beauty/10672787525,['피부케어기기'],N/A,포레오 공식 스토어,0,20250703_125653
10672756242,포레오 진동클렌저 루나 4 고 피치 1개,포레오,174000,N/A,N/A,39,4.85,https://shopping.naver.com/window-products/beauty/10672756242,['피부케어기기'],N/A,포레오 공식 스토어,0,20250703_125653
10672749261,포레오 진동클렌저 루나 4 고 라벤더 1개,포레오,174000,N/A,N/A,43,4.86,https://shopping.naver.com/window-products/beauty/10672749261,['피부케어기기'],N/A,포레오 공식 스토어,0,20250703_125653
10556703725,리쥬란 리쥬리프 타겟 초음파 4.5 카트리지 1개,리쥬란힐러,520000,N/A,N/A,19,4.84,https://shopping.naver.com/window-products/beauty/10556703725,['피부케어기기'],N/A,리쥬란 힐러,0,20250703_125653
10309926165,동국제약 센텔리안24 마데카 프라임 핑크프리즘 +수딩마스크 1박스+비타씨부스팅앰플 20ml+떙큐에디션 70ml+샤쉐 6종 +쇼핑백 / 뷰티디바이스 홈케어기기네이버 도착보장,센텔리안24,502000,N/A,N/A,128,4.74,https://shopping.naver.com/window-products/beauty/10309926165,['피부케어기기'],N/A,센텔리안24,0,20250703_125653
11668694672,루모스 무선 미니 뿌리볼륨 고데기 앞머리 휴대용 USB연결 남자 매직기 OJELHS01B 1개,루모스,69900,N/A,N/A,0,0.0,https://shopping.naver.com/window-products/beauty/11668694672,['고데기/매직기'],N/A,루모스,0,20250703_125653
10877272034,밴드스토어 홈에스테틱 데일리 모이스쳐 젠틀케어 얼굴마사지기 BDS-D002 화이트 1개,밴드스토어,106000,N/A,N/A,0,0.0,https://shopping.naver.com/window-products/beauty/10877272034,['피부케어기기'],N/A,밴드스토어,0,20250703_125653
10508661440,박준뷰티랩 뿌리 볼륨 스타일 고데기 매직기 PJP-1906,박준,110000,N/A,N/A,0,0.0,https://shopping.naver.com/window-products/beauty/10508661440,['고데기/매직기'],N/A,박준,0,20250703_125653
11988730419,뷰젤 아큐라타 갈바닉 다이아몬드 네일드릴 비트 AC265-1 큐티클 제거 1개,뷰젤,10000,N/A,N/A,5,5.0,https://shopping.naver.com/window-products/beauty/11988730419,['손발톱정리기'],N/A,바비,0,20250703_125653
5781060244,발각질제거기 평생사용 가능한 무선 전동 각질제거기계 페이스팩토리 (+다이아몬드 필링),페이스팩토리,99000,N/A,N/A,11764,4.78,https://shopping.naver.com/window-products/beauty/5781060244,['피부케어기기'],N/A,페이스팩토리,0,20250703_125653
10918971983,셀올로지 멜리턴 샷건 전용 카트리지 4ea,셀올로지,20000,N/A,N/A,131,4.7,https://shopping.naver.com/window-products/beauty/10918971983,['이미용가전액세서리'],N/A,셀올로지,0,20250703_125653
9969409672,레이트 RT-YL2103 슈퍼에어 BLDC 헤어드라이기 프리미엄 그레이/블랙,레이트,110000,N/A,N/A,152,4.63,https://shopping.naver.com/window-products/beauty/9969409672,['드라이어'],N/A,레이트,0,20250703_125653
9959577264,레이트 접이식 미니 헤어드라이기 여행용,레이트,49900,N/A,N/A,225,4.8,https://shopping.naver.com/window-products/beauty/9959577264,['드라이어'],N/A,레이트,0,20250703_125653
8866638830,뷰티끄랩 바리깡 남자이발기 미용가위 세트 숱가위 컷팅 미용실 BTC-200P,뷰티끄랩,70000,N/A,N/A,175,4.81,https://shopping.naver.com/window-products/beauty/8866638830,['이발기'],N/A,뷰티끄랩,0,20250703_125653
8606523342,한일전자 파테크 NEO SENSE 네오센스 T15 332g,파테크,159000,N/A,N/A,2128,4.86,https://shopping.naver.com/window-products/beauty/8606523342,['드라이어'],N/A,파테크,0,20250703_125653
8514147368,예스뷰티 바리깡 자연방전이 없는 덧날세트 미용실 이발기 YB-590 1개,예스뷰티,99800,N/A,N/A,516,4.92,https://shopping.naver.com/window-products/beauty/8514147368,['이발기'],N/A,예스뷰티,0,20250703_125653
8271646099,[랄라케어] 프리미엄 각질제거기 각질앤 1개,랄라케어,249000,N/A,N/A,2756,4.8,https://shopping.naver.com/window-products/beauty/8271646099,['피부케어기기'],N/A,랄라케어,0,20250703_125653
8201233824,르꽁뜨바이헤어 속볼륨 펌브러쉬 빗고데기,르꽁뜨바이헤어,59900,N/A,N/A,364,4.58,https://shopping.naver.com/window-products/beauty/8201233824,['고데기/매직기'],N/A,르꽁뜨바이헤어,0,20250703_125653
8161167368,지저쓰 타이탄블랙 왁싱 워머기키트B 200g,지저쓰,33000,N/A,N/A,414,4.77,https://shopping.naver.com/window-products/beauty/8161167368,['기타이미용가전'],N/A,지저쓰,0,20250703_125653
7377493431,파테크 이발기 은색 PC-H691 1개,파테크,65000,N/A,N/A,473,4.76,https://shopping.naver.com/window-products/beauty/7377493431,['이발기'],N/A,파테크,0,20250703_125653
6748202519,짐승철 선수의 바디트리머 다리숱제거기 레그 남자 제모기 다리털 면도기 바디 겨드랑이 페이스팩토리+N pay 5천포인트,페이스팩토리,109000,N/A,N/A,317,4.79,https://shopping.naver.com/window-products/beauty/6748202519,['제모기'],N/A,페이스팩토리,0,20250703_125653
6317370779,제니퍼 다까네 젤 네일 드릴 138mmx68mmx40mm 1개,제니퍼,498000,N/A,N/A,6,5.0,https://shopping.naver.com/window-products/beauty/6317370779,['손발톱정리기'],N/A,제니퍼,0,20250703_125653
5441137633,바비온 아기 유아 아동 어린이 방수 이발기 바리깡 클리퍼 커트보,바비온,26900,N/A,N/A,186,4.8,https://shopping.naver.com/window-products/beauty/5441137633,['이발기'],N/A,바비온,0,20250703_125653
5229845115,페이스팩토리 속눈썹 고데기 1개,페이스팩토리,65000,N/A,N/A,1283,4.59,https://shopping.naver.com/window-products/beauty/5229845115,['속눈썹고데기'],N/A,페이스팩토리,0,20250703_125653
11011538907,얼라인랩 리프핏 아이 EMS 눈밑처짐 아이백 눈가마사지기 홈케어 얼굴마사지기,얼라인랩,135000,N/A,N/A,1092,4.53,https://shopping.naver.com/window-products/beauty/11011538907,['피부케어기기'],N/A,얼라인랩,0,20250703_125653
10972078886,유닉스 뿌리볼륨 고데기 UCI-A2939 1개,유닉스,33000,N/A,N/A,701,4.83,https://shopping.naver.com/window-products/beauty/10972078886,['고데기/매직기'],N/A,유닉스,0,20250703_125653
10919033727,셀올로지 포어샷 MTS 전용 카트리지 4ea,셀올로지,20000,N/A,N/A,213,4.87,https://shopping.naver.com/window-products/beauty/10919033727,['이미용가전액세서리'],N/A,셀올로지,0,20250703_125653
10837756929,셀올로지 포어샷 MTS & 앰플(30ml),셀올로지,200000,N/A,N/A,249,4.68,https://shopping.naver.com/window-products/beauty/10837756929,['피부케어기기'],N/A,셀올로지,0,20250703_125653
10163570255,제니퍼 네일 비트 19종 2.34mm 2.35mm 1개,제니퍼,25000,N/A,N/A,442,4.87,https://shopping.naver.com/window-products/beauty/10163570255,['이미용가전액세서리'],N/A,제니퍼,0,20250703_125653
10004042187,왁스키스 셀프왁싱 가정용 워머기 100ml 1개,왁스키스,23000,N/A,N/A,3,5.0,https://shopping.naver.com/window-products/beauty/10004042187,['기타이미용가전'],N/A,왁스키스,0,20250703_125653
9979403100,펄케어 6in1 고주파 눈가 마사지기 갈바닉 EMS 눈밑지방 토탈케어,펄케어,163000,N/A,N/A,111,4.69,https://shopping.naver.com/window-products/beauty/9979403100,['피부케어기기'],N/A,펄케어,0,20250703_125653
9969895665,프리미엄 판고데기 엔젤링 플랫 MCH히터 프리볼트,레이트,169000,N/A,N/A,61,4.98,https://shopping.naver.com/window-products/beauty/9969895665,['고데기/매직기'],N/A,레이트,0,20250703_125653
9969782089,레이트 RT-CHI1222 크롬도금 온도조절 샤인컬 봉고데기 22mm 로즈골드핑크,레이트,82000,N/A,N/A,30,4.83,https://shopping.naver.com/window-products/beauty/9969782089,['고데기/매직기'],N/A,레이트,0,20250703_125653
9959934421,레이트 RT-I004 폭넓은 곡선열판 판고데기 웨이브 고데기 펄화이트/펄블랙,레이트,49900,N/A,N/A,68,4.82,https://shopping.naver.com/window-products/beauty/9959934421,['고데기/매직기'],N/A,레이트,0,20250703_125653
9959843074,레이트 이지랩 자동봉고데기 3가지봉 32mm 25mm 19mm 교체형 오토 롤링 봉고데기,레이트,99000,N/A,N/A,75,4.68,https://shopping.naver.com/window-products/beauty/9959843074,['고데기/매직기'],N/A,레이트,0,20250703_125653
9959516719,레이트 RT-I003 4단계 온도조절 판고데기 뿌리볼륨 웨이브 고데기 블랙/레드,레이트,49900,N/A,N/A,80,4.78,https://shopping.naver.com/window-products/beauty/9959516719,['고데기/매직기'],N/A,레이트,0,20250703_125653
9959371856,데이노바 프리미엄 헤어드라이기 BLDC 저소음 냉온풍 항공모터 그레이,레이트,299000,N/A,N/A,1434,4.81,https://shopping.naver.com/window-products/beauty/9959371856,['드라이어'],N/A,레이트,0,20250703_125653
9930814815,펄케어 뉴보르나 갈바닉 마사지기 고주파 진동 EMS 얼굴 피부관리기,펄케어,77000,N/A,N/A,73,4.81,https://shopping.naver.com/window-products/beauty/9930814815,['피부케어기기'],N/A,펄케어,0,20250703_125653
9901798084,펄케어 헤어터치 두피 마사지기 전동 브러쉬 EMS 저준위 레이저 관리기,펄케어,270000,N/A,N/A,87,4.66,https://shopping.naver.com/window-products/beauty/9901798084,['두피케어기기'],N/A,펄케어,0,20250703_125653
9795217835,오지엘 바리깡 가정용 셀프 방수 수염 헤어트리머 장미 이발기계 1개,오지엘,99000,N/A,N/A,4,4.5,https://shopping.naver.com/window-products/beauty/9795217835,['이발기'],N/A,오지엘,0,20250703_125653
9743758790,글로웍스 4D 모션 진동 뷰티디바이스 1개 + 필리 앰플 명주실 패드 70매 (140ml) / 얼굴마사지기 각질 피지 모공 진동클렌저 피부관리기 홈케어기기,글로웍스,120000,N/A,N/A,335,4.79,https://shopping.naver.com/window-products/beauty/9743758790,['피부케어기기'],N/A,글로웍스,0,20250703_125653
9743169922,글로웍스 4D 모션 진동 뷰티 디바이스 1개 + 죽순 시카 토너패드 60매 (125ml) / 얼굴마사지기 진정 모공 수분 열감 피부관리기 홈케어기기,글로웍스,108000,N/A,N/A,13,4.62,https://shopping.naver.com/window-products/beauty/9743169922,['피부케어기기'],N/A,글로웍스,0,20250703_125653
9402211978,뷰티끄랩 프리미엄 무선 네일드릴 풀패키지 세트 BTQ-M918 / 13.5 x 2.5cm 1개,뷰티끄랩,59900,N/A,N/A,64,4.78,https://shopping.naver.com/window-products/beauty/9402211978,['손발톱정리기'],N/A,뷰티끄랩,0,20250703_125653
9384576003,오멜론 더마S힐러 플라즈마 바디 고주파 마사지기 리프팅 온열 기기 가정용 홈케어 디바이스 바본관리,오멜론,189000,N/A,N/A,3,5.0,https://shopping.naver.com/window-products/beauty/9384576003,['피부케어기기'],N/A,오멜론,0,20250703_125653
9318057998,[레츠퀸] S100 헤어스타일러 무선 오토롤링 봉고데기 1개,레츠퀸,98000,N/A,N/A,232,4.71,https://shopping.naver.com/window-products/beauty/9318057998,['고데기/매직기'],N/A,레츠퀸,0,20250703_125653
9318045204,레츠퀸 F100 괄사 갈바닉 마사지기 얼굴 림프순환  1개,레츠퀸,79800,N/A,N/A,3,5.0,https://shopping.naver.com/window-products/beauty/9318045204,['피부케어기기'],N/A,레츠퀸,0,20250703_125653
9318035258,레츠퀸 무선 빗 고데기 매직기 아이롱 중단발 1개,레츠퀸,198000,N/A,N/A,26,4.81,https://shopping.naver.com/window-products/beauty/9318035258,['고데기/매직기'],N/A,레츠퀸,0,20250703_125653
9262235997,뷰티끄랩 휴대용 전기면도기 여행용 남성 트리머 남친선물 졸업선물,뷰티끄랩,50000,N/A,N/A,323,4.67,https://shopping.naver.com/window-products/beauty/9262235997,['전기면도기'],N/A,뷰티끄랩,0,20250703_125653
9177581656,"바비온 엑스퍼트 전동 눈썹 정리기 바리깡 이발기 솜털 다듬기 제모기 EX-B1, 1개",바비온,56900,N/A,N/A,4,5.0,https://shopping.naver.com/window-products/beauty/9177581656,['눈썹정리기'],N/A,바비온,0,20250703_125653
9167178761,동국제약 센텔리안24 마데카프라임 탱글 샷 뷰티디바이스 1개 + 부스팅 샷젤 +겔마스크 1박스+병풀미스트  1개+모공클렌저 1개+ 샤쉐 6종 +쇼핑백 / 뷰티디바이스 홈케어기기,센텔리안24,399000,N/A,N/A,64,4.81,https://shopping.naver.com/window-products/beauty/9167178761,['피부케어기기'],N/A,센텔리안24,0,20250703_125653
9139418653,쇼시 Slash9 클래식 전동 전기 면도기 1개 휴대용 여행용 턱수염정리,쇼시,49500,N/A,N/A,667,4.78,https://shopping.naver.com/window-products/beauty/9139418653,['전기면도기'],N/A,ShowSee,0,20250703_125653
9126584599,"동국제약 센텔리안24 마데카프라임 탱글샷 뷰티디바이스1개+앰플3종30ml(PDRN,히알루론산,글루타치온 앰플)+겔마스크+미스트+클렌저+샤쉐6종+쇼핑백/ 뷰티디바이스 홈케어기기",센텔리안24,498000,N/A,N/A,49,4.61,https://shopping.naver.com/window-products/beauty/9126584599,['피부케어기기'],N/A,센텔리안24,0,20250703_125653
9126571684,동국제약 센텔리안24 마데카프라임 탱글 샷 뷰티디바이스 1개+글루타치온 부스팅앰플  30ml 1종+겔마스크 1박스+미스트1개+클렌저1개+ 샤쉐6종+쇼핑백 / 뷰티디바이스 홈케어기기,센텔리안24,412000,N/A,N/A,65,4.74,https://shopping.naver.com/window-products/beauty/9126571684,['피부케어기기'],N/A,센텔리안24,0,20250703_125653
9122271752,"동국제약 센텔리안24 마데카프라임 팅글샷 뷰티디바이스1개+앰플30ml 3종(PDRN,히알루론산,글루타치온 앰플)+15ml2개+수딩마스크2박스+샤쉐6종+쇼핑백/뷰티디바이스 홈케어기기",센텔리안24,537000,N/A,N/A,6,4.67,https://shopping.naver.com/window-products/beauty/9122271752,['피부케어기기'],N/A,센텔리안24,0,20250703_125653
9122222131,동국제약 센텔리안24 마데카프라임 팅글 샷 뷰티디바이스 1개 +글루타치온 부스팅 앰플 30ml1종+15ml 2개+수딩마스크 2박스+앰플 샤쉐 6종+쇼핑백 / 뷰티디바이스 홈케어기기,센텔리안24,459000,N/A,N/A,30,4.47,https://shopping.naver.com/window-products/beauty/9122222131,['피부케어기기'],N/A,센텔리안24,0,20250703_125653
9063931106,동국제약 센텔리안24 마데카 프라임 팅글 샷 (2in1 브라이트닝+물광 케어) 뷰티디바이스 +크림 15ml 2개+수딩마스크 2박스+ 샤쉐 6종 + 쇼핑백 / 뷰티디바이스 홈케어기기,센텔리안24,409000,N/A,N/A,91,4.8,https://shopping.naver.com/window-products/beauty/9063931106,['피부케어기기'],N/A,센텔리안24,0,20250703_125653
8794651256,아유아유 매끄럽게 글라스제모기 1개 셀프 제모 저자극 바디 면도기,아유아유,29800,N/A,N/A,24,3.67,https://shopping.naver.com/window-products/beauty/8794651256,['제모기'],N/A,아유아유,0,20250703_125653
8714086749,와브 왁스 워머기 슬림 하드 왁싱 워머 1개 셀프 제모,와브,23000,N/A,N/A,38,4.82,https://shopping.naver.com/window-products/beauty/8714086749,['기타이미용가전'],N/A,와브,0,20250703_125653
8709962003,와브 왁스 워머기 프로 셀프 하드 왁싱 제모 워머 1개,와브,25000,N/A,N/A,22,4.91,https://shopping.naver.com/window-products/beauty/8709962003,['기타이미용가전'],N/A,와브,0,20250703_125653
8536615541,ShowSee A4KRW 접이식 헤어드라이어 1개 + 드라이기 거치대 세트 1개,쇼시,46000,N/A,N/A,7,4.71,https://shopping.naver.com/window-products/beauty/8536615541,['드라이어'],N/A,ShowSee,0,20250703_125653
8529836993,쇼시 ES9 UnKnown 회전식 휴대용 여행용 남성용 저소음 전동 전기면도기 1개,쇼시,59500,N/A,N/A,248,4.75,https://shopping.naver.com/window-products/beauty/8529836993,['전기면도기'],N/A,ShowSee,0,20250703_125653
8525083496,[더블모녀세트] 동국제약 센텔리안24 마데카 프라임 2개 + 겔마스크 2박스 + 병풀미스트 2개 + 모공클렌저 2개 + 앰플 샤쉐 6종 2개+쇼핑백2개/ 뷰티디바이스 홈케어기기,센텔리안24,918000,N/A,N/A,67,4.82,https://shopping.naver.com/window-products/beauty/8525083496,['피부케어기기'],N/A,센텔리안24,0,20250703_125653
8362524370,오메가 슬림 라이트 PDT관리 LED 바디 피부관리기 가정용 홈케어 뷰티 디바이스,오멜론,1650000,N/A,N/A,10,4.9,https://shopping.naver.com/window-products/beauty/8362524370,['피부케어기기'],N/A,오멜론,0,20250703_125653
8344560116,오메가소닉 가정용 하이푸 기기 hifu 리프팅 바디 홈케어 탄력 디바이스 초음파 기계,오멜론,1750000,N/A,N/A,49,4.88,https://shopping.naver.com/window-products/beauty/8344560116,['피부케어기기'],N/A,오멜론,0,20250703_125653
8344541133,오메가인젝션 미니  산소테라피 물광피부 나노미스트 SET(앰플 1Box 증정),오멜론,658000,N/A,N/A,8,4.88,https://shopping.naver.com/window-products/beauty/8344541133,['피부케어기기'],N/A,오멜론,0,20250703_125653
8282781512,[본사직영] 리즈케이 홈케어 갈바닉 뷰티 디바이스 마사지기,리즈케이,67000,N/A,N/A,7,4.43,https://shopping.naver.com/window-products/beauty/8282781512,['피부케어기기'],N/A,리즈케이 공식스토어,0,20250703_125653
8252439523,엘리뷰 자동롤러고데기32mm 회전 봉고데기 여신 웨이브 볼륨 아이롱 오토 롤링 고대기 1개,엘리뷰,98000,N/A,N/A,206,4.68,https://shopping.naver.com/window-products/beauty/8252439523,['고데기/매직기'],N/A,엘리뷰,0,20250703_125653
8201241246,르꽁뜨바이헤어 식스모션 헤어드라이어 LC-HD001 1개,르꽁뜨바이헤어,39900,N/A,N/A,44,4.66,https://shopping.naver.com/window-products/beauty/8201241246,['드라이어'],N/A,르꽁뜨바이헤어,0,20250703_125653
8201240659,르꽁뜨 남자고데기 뿌리볼륨 펌스타일러 가르마펌 뽕고데기 정수리볼륨 빗고데기,르꽁뜨바이헤어,59900,N/A,N/A,117,4.36,https://shopping.naver.com/window-products/beauty/8201240659,['고데기/매직기'],N/A,르꽁뜨바이헤어,0,20250703_125653
8201239850,르꽁뜨바이헤어 펌브러쉬 퍼플 SSK001HI 1개,르꽁뜨바이헤어,59900,N/A,N/A,20,4.8,https://shopping.naver.com/window-products/beauty/8201239850,['고데기/매직기'],N/A,르꽁뜨바이헤어,0,20250703_125653
8201237975,르꽁뜨바이헤어 펌브러쉬 화이트 SSK001HI 1개,르꽁뜨바이헤어,59900,N/A,N/A,5,4.0,https://shopping.naver.com/window-products/beauty/8201237975,['에어브러시'],N/A,르꽁뜨바이헤어,0,20250703_125653
8201237102,르꽁뜨바이헤어 펌브러쉬 로즈골드 SSK001HI 1개,르꽁뜨바이헤어,59900,N/A,N/A,3,5.0,https://shopping.naver.com/window-products/beauty/8201237102,['에어브러시'],N/A,르꽁뜨바이헤어,0,20250703_125653
8201236252,르꽁뜨바이헤어 펌브러쉬 레드 SSK001HI 1개,르꽁뜨바이헤어,59900,N/A,N/A,3,5.0,https://shopping.naver.com/window-products/beauty/8201236252,['고데기/매직기'],N/A,르꽁뜨바이헤어,0,20250703_125653
8161162497,지저쓰 퓨어그린 왁싱 워머기키트W 200g,지저쓰,32000,N/A,N/A,15,4.93,https://shopping.naver.com/window-products/beauty/8161162497,['기타이미용가전'],N/A,지저쓰,0,20250703_125653
8157862746,펄케어 RF 고주파 이온 부스터 갈바닉 마사지기 얼굴 피부관리기 뷰티디바이스,펄케어,398000,N/A,N/A,199,4.91,https://shopping.naver.com/window-products/beauty/8157862746,['피부케어기기'],N/A,펄케어,0,20250703_125653
8157784468,펄케어 화이트진 프로 갈바닉 마사지기 속건조 홈케어 피부 관리기,펄케어,140000,N/A,N/A,86,4.91,https://shopping.naver.com/window-products/beauty/8157784468,['피부케어기기'],N/A,펄케어,0,20250703_125653
8157723336,펄케어 피지 제거기 흡입기 모공 볼 코 블랙헤드 화이트헤드 압출기,펄케어,50000,N/A,N/A,71,4.45,https://shopping.naver.com/window-products/beauty/8157723336,['피부케어기기'],N/A,펄케어,0,20250703_125653
8063180368,동국제약 센텔리안24 마데카프라임 뷰티디바이스 1개 + 글루타치온 부스팅 앰플 30ml 1종+겔마스크1박스+미스트1개+클렌저1개+샤쉐 6종 + 쇼핑백/ 뷰티디바이스 홈케어기기,센텔리안24,502000,N/A,N/A,822,4.78,https://shopping.naver.com/window-products/beauty/8063180368,['피부케어기기'],N/A,센텔리안24,0,20250703_125653
8058249127,파워메이드 네일드릴 아트 손톱그라인더 전동샤퍼 손톱스케일링 셀프제거 네일관리 손발톱정리기 연마기,아이빛,100000,N/A,N/A,21,4.9,https://shopping.naver.com/window-products/beauty/8058249127,['손발톱정리기'],N/A,쉬매료,0,20250703_125653
7912145855,라피타 3in1 아이돌 히팅래쉬펌. 온열괄사,라피타,69000,N/A,N/A,101,4.5,https://shopping.naver.com/window-products/beauty/7912145855,['속눈썹고데기'],N/A,라피타,0,20250703_125653
7890122165,싸이닉 에스테 갈바닉 워터 필링기 1개,싸이닉,99000,N/A,N/A,10,4.3,https://shopping.naver.com/window-products/beauty/7890122165,['피부케어기기'],N/A,싸이닉,0,20250703_125653
7849639613,뷰티끄랩 코털제거기 콧털 코털 정리기 BTC-NT680 / 12.3x1.5(cm) 1개,뷰티끄랩,39000,N/A,N/A,1,5.0,https://shopping.naver.com/window-products/beauty/7849639613,['코털제거기'],N/A,뷰티끄랩,0,20250703_125653
7849611198,뷰티끄랩 워터필링기 아쿠아필링기 피지제거 갈바닉 마사지기 / 13.5x1.8(cm) 1개,뷰티끄랩,79000,N/A,N/A,17,4.71,https://shopping.naver.com/window-products/beauty/7849611198,['피부케어기기'],N/A,뷰티끄랩,0,20250703_125653
7739035700,쇼시 C1-BK 건전지식 남여공용 휴대용 여행용 코털제거기 1개,쇼시,11000,N/A,N/A,53,4.64,https://shopping.naver.com/window-products/beauty/7739035700,['코털제거기'],N/A,ShowSee,0,20250703_125653
7702243441,한일전자 파테크 PD-Y1342 접이식 2100W 고출력 헤어드라이기 450g,파테크,25900,N/A,N/A,204,4.69,https://shopping.naver.com/window-products/beauty/7702243441,['드라이어'],N/A,파테크,0,20250703_125653
7587694052,아유아유 블링착 뷰러 1개 속눈썹 펌기계 고데기 드라이기,아유아유,59800,N/A,N/A,18,3.94,https://shopping.naver.com/window-products/beauty/7587694052,['기타이미용가전'],N/A,아유아유,0,20250703_125653
7509530407,에이뷰티 에그디바이스2 핫핑크 진동 전동 클렌저 클렌징디바이스 뷰티디바이스 피부마사지기,A-beauty,169000,N/A,N/A,51,4.78,https://shopping.naver.com/window-products/beauty/7509530407,['피부케어기기'],N/A,에이뷰티,0,20250703_125653
7421274564,파테크 BLDC 헤어드라이기 X29DS 다크실버 1개,파테크,202800,N/A,N/A,16,4.56,https://shopping.naver.com/window-products/beauty/7421274564,['드라이어'],N/A,파테크,0,20250703_125653
7406064826,쇼시 A4KRW 접이식 휴대용 여행용 가정용 저소음 헤어 드라이기 1개,쇼시,35000,N/A,N/A,643,4.82,https://shopping.naver.com/window-products/beauty/7406064826,['드라이어'],N/A,ShowSee,0,20250703_125653
7377497391,파테크 봉고데기 매직기 고데기 PM-I4068 1개,파테크,30900,N/A,N/A,64,4.72,https://shopping.naver.com/window-products/beauty/7377497391,['고데기/매직기'],N/A,파테크,0,20250703_125653
7377484274,파테크 대한민국 제조 전문가용 BLDC 헤어 드라이기 PD-V1700 1개,파테크,55900,N/A,N/A,3682,4.81,https://shopping.naver.com/window-products/beauty/7377484274,['드라이어'],N/A,파테크,0,20250703_125653
7377355513,파테크 전문가용 접이식 헤어드라이기 PD-Y2008 1800W 1개,파테크,29900,N/A,N/A,3486,4.76,https://shopping.naver.com/window-products/beauty/7377355513,['드라이어'],N/A,파테크,0,20250703_125653
7276228200,바르나 네일비트꽂이 1개,바르나,2900,N/A,N/A,3,5.0,https://shopping.naver.com/window-products/beauty/7276228200,['이미용가전액세서리'],N/A,바르나(BARNA),0,20250703_125653
7073343354,아유아유 퍼펙트 아쿠아 필링기 1개 워터 갈바닉 마사지기 진동 클렌저,아유아유,120000,N/A,N/A,123,4.42,https://shopping.naver.com/window-products/beauty/7073343354,['피부케어기기'],N/A,아유아유,0,20250703_125653
7073336342,아유아유 페이스 제모기 1개 가정용제모기,아유아유,34800,N/A,N/A,89,4.26,https://shopping.naver.com/window-products/beauty/7073336342,['제모기'],N/A,아유아유,0,20250703_125653
7057441758,[목주름 관리] 라피타 네클리어 갈바닉 LED 목주름 리프팅기기 1개,라피타,259000,N/A,N/A,83,4.67,https://shopping.naver.com/window-products/beauty/7057441758,['피부케어기기'],N/A,라피타,0,20250703_125653
6857722647,바비온 전문가용 남자 미용실 바리깡 페이드컷 이발기 클리퍼 SBC-850S 1개,바비온,77900,N/A,N/A,8,5.0,https://shopping.naver.com/window-products/beauty/6857722647,['이발기'],N/A,바비온,0,20250703_125653
6834324714,차홍 볼륨 브러시 1ea,차홍,11000,N/A,N/A,25,4.68,https://shopping.naver.com/window-products/beauty/6834324714,['헤어롤/롤셋'],N/A,차홍,0,20250703_125653
6834316946,[차홍] 볼륨 컬러 스타일링 고데기,차홍,176000,N/A,N/A,257,4.56,https://shopping.naver.com/window-products/beauty/6834316946,['고데기/매직기'],N/A,차홍,0,20250703_125653
6780440976,바비온 엑스퍼트 EX9 전문가용 남자 바리깡 이발기 미용실 바리깡 클리퍼  1개,바비온,239000,N/A,N/A,2,5.0,https://shopping.naver.com/window-products/beauty/6780440976,['이발기'],N/A,바비온,0,20250703_125653
6775321006,오즈네일 UV LED 젤램프 8구 블랙 1개,오즈네일,25000,N/A,N/A,8,4.88,https://shopping.naver.com/window-products/beauty/6775321006,['손발톱정리기'],N/A,오즈네일,0,20250703_125653
6774895634,바비온 엑스퍼트 EX3 전문가용 이발기 미용실 바리깡 클리퍼 1개,바비온,75000,N/A,N/A,13,4.85,https://shopping.naver.com/window-products/beauty/6774895634,['이발기'],N/A,바비온,0,20250703_125653
6770893210,바비온 슬림에어핏 알루미늄 코털 제거기 귀털 정리기 트리머 1개,바비온,22900,N/A,N/A,22,4.86,https://shopping.naver.com/window-products/beauty/6770893210,['코털제거기'],N/A,바비온,0,20250703_125653
6753638217,쇼시 B1KRW 전동 자동 완전방수 뒷꿈치 복숭아뼈 발각질관리 각질제거기 1개 + 연마석 2종,쇼시,29800,N/A,N/A,560,4.66,https://shopping.naver.com/window-products/beauty/6753638217,['피부케어기기'],N/A,ShowSee,0,20250703_125653
6656151020,아이빛 베러톤 USB 충전식 무선 젤네일 핀큐어 무선 네일램프 1개,아이빛,17000,N/A,N/A,55,4.8,https://shopping.naver.com/window-products/beauty/6656151020,['손발톱정리기'],N/A,쉬매료,0,20250703_125653
6622755070,바나브 UP6 라벤더 1ea,바나브,320000,N/A,N/A,99,4.92,https://shopping.naver.com/window-products/beauty/6622755070,['피부케어기기'],N/A,바나브,0,20250703_125653
6577348746,리베미 이너글로 문바닉 갈바닉 마사지기 1개,리베미,160000,N/A,N/A,305,4.63,https://shopping.naver.com/window-products/beauty/6577348746,['피부케어기기'],N/A,리베미,0,20250703_125653
6576544642,"[위드샨] 프로 UV/LED 네일 램프 48W 전문가용 젤 램프, 1개",위드샨,49000,N/A,N/A,66,4.86,https://shopping.naver.com/window-products/beauty/6576544642,['손발톱정리기'],N/A,위드샨,0,20250703_125653
6575387061,엘리뷰 갈바닉 괄사 마사지기 얼굴 쿨링 온열 LED EMS 피부관리 뷰티 홈케어 1개,엘리뷰,219000,N/A,N/A,67,4.75,https://shopping.naver.com/window-products/beauty/6575387061,['피부케어기기'],N/A,엘리뷰,0,20250703_125653
6506872138,제니아 라인 정리 및 마무리용 이발기 토끼바리깡 1개,JENIA,35000,N/A,N/A,73,4.56,https://shopping.naver.com/window-products/beauty/6506872138,['이발기'],N/A,제니아,0,20250703_125653
6337106824,[두피더블케어] 라피타 리치헤어 모발관리 두피마사지기 1개,라피타,298000,N/A,N/A,13,4.77,https://shopping.naver.com/window-products/beauty/6337106824,['두피케어기기'],N/A,라피타,0,20250703_125653
6329574569,제니퍼 젤 네일 램프 레진 기계  213mm 200mm 100mm 1개,제니퍼,220000,N/A,N/A,2,5.0,https://shopping.naver.com/window-products/beauty/6329574569,['손발톱정리기'],N/A,제니퍼,0,20250703_125653
5995374227,가르미르 음이온 맥스 헤어 드라이기 GM-1001 1300W 1개 / 음이온 & 원적외선 케어(국내생산),N/A,25000,N/A,N/A,17,4.18,https://shopping.naver.com/window-products/beauty/5995374227,['드라이어'],N/A,가르미르,0,20250703_125653
5927867845,쥬베라 트리플 진동클렌저  2.8 x 2cm x 15.3cm 1개,쥬베라,300000,N/A,N/A,958,4.85,https://shopping.naver.com/window-products/beauty/5927867845,['피부케어기기'],N/A,쥬베라,0,20250703_125653
5906627490,메이크페이스 기미관리세트 MTS 팅커펜 + 광명앰플,팅커펜,180000,N/A,N/A,1259,4.45,https://shopping.naver.com/window-products/beauty/5906627490,['피부케어기기'],N/A,메이크페이스,0,20250703_125653
5894965379,키스뉴욕 인스타웨이브 오토매틱 컬러 화이트 에디션 32mm (전용 볼륨 브러쉬 & 파우치 포함),키스뉴욕,95000,N/A,N/A,32,4.63,https://shopping.naver.com/window-products/beauty/5894965379,['고데기/매직기'],N/A,키스뉴욕,0,20250703_125653
5894915930,키스뉴욕 인스타웨이브  오토매틱 컬러 화이트 에디션 26mm (전용 볼륨 브러쉬 & 파우치 포함),키스뉴욕,89000,N/A,N/A,10,4.3,https://shopping.naver.com/window-products/beauty/5894915930,['고데기/매직기'],N/A,키스뉴욕,0,20250703_125653
5832196798,엘리뷰 자동롤러고데기2 화상 방지 회전 봉고데기 웨이브 볼륨 아이롱 오토 롤링 고대기 1개,엘리뷰,89000,N/A,N/A,673,4.75,https://shopping.naver.com/window-products/beauty/5832196798,['고데기/매직기'],N/A,엘리뷰,0,20250703_125653
5814978315,쥬베라 진공 피지흡입기 코피지제거기,N/A,29000,N/A,N/A,231,4.43,https://shopping.naver.com/window-products/beauty/5814978315,['피부케어기기'],N/A,쥬베라,0,20250703_125653
5808769529,쥬베라 진동클렌저 프리미엄 매직 딥퍼플 블루 4cm x 3cm 15.7cm 1개,쥬베라,270000,N/A,N/A,78,4.82,https://shopping.naver.com/window-products/beauty/5808769529,['피부케어기기'],N/A,쥬베라,0,20250703_125653
5782293089,쥬베라 프리미엄 플러스 진동클렌저,쥬베라,270000,N/A,N/A,6320,4.85,https://shopping.naver.com/window-products/beauty/5782293089,['피부케어기기'],N/A,쥬베라,0,20250703_125653
5736598681,박준뷰티랩 글램블로우 원적외선 전문가용 드라이기 화이트 PJP-5400  미용실드라이기 헤어드라이어,박준,220000,N/A,N/A,64,4.69,https://shopping.naver.com/window-products/beauty/5736598681,['드라이어'],N/A,박준,0,20250703_125653
5715869095,바비온 이발기 바리깡 클리퍼 세트 SBC-670,바비온,49900,N/A,N/A,71,4.63,https://shopping.naver.com/window-products/beauty/5715869095,['이발기'],N/A,바비온,0,20250703_125653
5704451439,제니아 탑노치 IPX6방수 29단계 커트길이조절 방수 바리깡 전기 이발기 1개,JENIA,45900,N/A,N/A,66,4.42,https://shopping.naver.com/window-products/beauty/5704451439,['이발기'],N/A,제니아,0,20250703_125653
5648474523,리클레어 갈바닉워터필링기 실버 S 얼굴각질제거기,리클레어,134000,N/A,N/A,463,4.79,https://shopping.naver.com/window-products/beauty/5648474523,['피부케어기기'],N/A,리클레어,0,20250703_125653
5626355313,알롱 전자식 셀프 왁싱 워머기 1ea 제모 브라질리언왁싱 왁싱기계 워머기,알롱,62000,N/A,N/A,35,4.69,https://shopping.naver.com/window-products/beauty/5626355313,['기타이미용가전'],N/A,알롱,0,20250703_125653
5600992756,싸이닉 에스테 괄사 갈바닉 마사지기 1개,싸이닉,49000,N/A,N/A,12,4.67,https://shopping.naver.com/window-products/beauty/5600992756,['피부케어기기'],N/A,싸이닉,0,20250703_125653
5569468409,유라이크 실리콘 온열 진동클렌저 UC501 1개,유라이크,58000,N/A,N/A,112,4.78,https://shopping.naver.com/window-products/beauty/5569468409,['피부케어기기'],N/A,유라이크,0,20250703_125653
5547698736,셀로니아 바이오 포레시스 포 페이스,셀로니아(255259),199000,N/A,N/A,11,4.82,https://shopping.naver.com/window-products/beauty/5547698736,['피부케어기기'],N/A,셀로니아,0,20250703_125653
5541157208,제니아 탑노치 JT-7 전문가용 IPX6 방수 바리깡 전기 이발기 1개,JENIA,120000,N/A,N/A,551,4.83,https://shopping.naver.com/window-products/beauty/5541157208,['이발기'],N/A,제니아,0,20250703_125653
5536352278,박준뷰티랩 프리미엄 3단 웨이브 물결고데기 PGBA-003 볼륨 펌 고대기 여신머리,박준,149000,N/A,N/A,11,4.82,https://shopping.naver.com/window-products/beauty/5536352278,['고데기/매직기'],N/A,박준,0,20250703_125653
5503383128,제니아 WJM-6040M (바이올렛) 휴대용&여행용 미니고데기 1개,JENIA,15900,N/A,N/A,197,4.65,https://shopping.naver.com/window-products/beauty/5503383128,['고데기/매직기'],N/A,제니아,0,20250703_125653
5503377011,제니아 에어쇼크 BLDC 항공모터 헤어 드라이기 1개,JENIA,80000,N/A,N/A,34,4.85,https://shopping.naver.com/window-products/beauty/5503377011,['드라이어'],N/A,제니아,0,20250703_125653
5503362244,제니아 WJC-7020 이발기 24단계 컷트길이조절 남자 바리깡 1개,JENIA,35000,N/A,N/A,2980,4.68,https://shopping.naver.com/window-products/beauty/5503362244,['이발기'],N/A,제니아,0,20250703_125653
5487160812,엘리뷰 고주파 바디 마사지기 갈바닉 초음파 가정용 피부 LED 뷰티 디바이스 홈케어 1개,엘리뷰,198000,N/A,N/A,523,4.64,https://shopping.naver.com/window-products/beauty/5487160812,['피부케어기기'],N/A,엘리뷰,0,20250703_125653
5476497139,박준뷰티랩 글램블로우 원적외선 전문가용 드라이기 블랙 PJP-4001 미용실드라이기 헤어드라이어,박준,220000,N/A,N/A,10,4.5,https://shopping.naver.com/window-products/beauty/5476497139,['드라이어'],N/A,박준,0,20250703_125653
5458029146,셀리턴 비디투 진동클렌저 실리콘 모공 클렌징 피지제거,셀리턴,33000,N/A,N/A,45,4.33,https://shopping.naver.com/window-products/beauty/5458029146,['피부케어기기'],N/A,셀리턴,0,20250703_125653
5441140770,바비온 남자 바리깡 방수 이발기 클리퍼 저자극 저소음 BC-1409 1개,바비온,34900,N/A,N/A,54,4.8,https://shopping.naver.com/window-products/beauty/5441140770,['이발기'],N/A,바비온,0,20250703_125653
5400246252,레이트 헤어드라이기 파우치 블랙/실버,레이트,16900,N/A,N/A,10,4.8,https://shopping.naver.com/window-products/beauty/5400246252,['이미용가전액세서리'],N/A,레이트,0,20250703_125653
5400215755,접이식 헤어드라이기 3종자석노즐 저소음 냉온풍 가벼운 여행용 레이트 1st 드라이기 F600H,레이트,79900,N/A,N/A,358,4.68,https://shopping.naver.com/window-products/beauty/5400215755,['드라이어'],N/A,레이트,0,20250703_125653
5392169489,예스뷰티 전문가용헤어드라이기 YB-1566 건조시간단축 BLAC모터 (1700w),예스뷰티,93000,N/A,N/A,527,4.74,https://shopping.naver.com/window-products/beauty/5392169489,['드라이어'],N/A,예스뷰티,0,20250703_125653
5366878951,예스뷰티 양손사용가능 드라이기거치대 무타공 YB-777 1개,예스뷰티,21500,N/A,N/A,4,4.5,https://shopping.naver.com/window-products/beauty/5366878951,['이미용가전액세서리'],N/A,예스뷰티,0,20250703_125653
5342265908,박준뷰티랩 다운펌 고데기 MX-7000  남자고데기 뿌리 볼륨 앞머리 휴대용고데기 미용실 고대기,박준,89000,N/A,N/A,20,4.2,https://shopping.naver.com/window-products/beauty/5342265908,['고데기/매직기'],N/A,박준,0,20250703_125653
5295243362,셀리턴 LED마스크 플래티넘 피부진정 홈케어 디바이스,셀리턴,2320000,N/A,N/A,46,4.41,https://shopping.naver.com/window-products/beauty/5295243362,['피부케어기기'],N/A,셀리턴,0,20250703_125653
5295243006,셀리턴 헤어 알파레이 프리미엄 두피 케어 관리기 마사지기 모낭 세포 홈케어,셀리턴,2320000,N/A,N/A,6,4.67,https://shopping.naver.com/window-products/beauty/5295243006,['두피케어기기'],N/A,셀리턴,0,20250703_125653
5239615276,스파시스 수분 고데기 SPASYS SD 24/40mm 손상없는 매직기 BUMIL SPASYS,스파시스,310000,N/A,N/A,24,4.71,https://shopping.naver.com/window-products/beauty/5239615276,['고데기/매직기'],N/A,스파시스,0,20250703_125653
5239596075,스파시스 범일 수분 고데기 SPASYS DBST 24/40mm 손상없는 매직기 미니 고데기 BUMIL SPASYS,스파시스,350000,N/A,N/A,14,4.64,https://shopping.naver.com/window-products/beauty/5239596075,['고데기/매직기'],N/A,스파시스,0,20250703_125653
5117147318,아벨루나 M-200 전용 헤드피스 세트 실리콘 헤드,아벨루나(245142),18000,N/A,N/A,3,4.33,https://shopping.naver.com/window-products/beauty/5117147318,['이미용가전액세서리'],N/A,아벨루나,0,20250703_125653
5039644747,시봉 갈바닉 이온 자동 진동 탄력 마사지기,스케덤,129000,N/A,N/A,733,4.68,https://shopping.naver.com/window-products/beauty/5039644747,['피부케어기기'],N/A,슈링크알엑스,0,20250703_125653
4957554624,아이빛 젤네일 네일아트 비트 네일 8종 세트,N/A,13000,N/A,N/A,348,4.76,https://shopping.naver.com/window-products/beauty/4957554624,['이미용가전액세서리'],N/A,쉬매료,0,20250703_125653
4904377417,뷰티인어스 마이아쿠아필 2.0,뷰티인어스,69000,N/A,N/A,4,4.5,https://shopping.naver.com/window-products/beauty/4904377417,['피부케어기기'],N/A,뷰티인어스,0,20250703_125653
4899838939,위드웰 갈바닉 아쿠아 워터필링기 얼굴마사지기 1개,위드웰,50000,N/A,N/A,57,4.54,https://shopping.naver.com/window-products/beauty/4899838939,['피부케어기기'],N/A,위드웰,0,20250703_125653
4832640823,갈바닉 LED 피부마사지기 진동클렌저 뷰티 디바이스 360도듀얼팟,착한팩토리,180000,N/A,N/A,219,4.94,https://shopping.naver.com/window-products/beauty/4832640823,['피부케어기기'],N/A,착한팩토리,0,20250703_125653
4810053826,키스뉴욕  인스타웨이브 오토매틱 화이트 에디션 (택1) -자동회전고데기,키스뉴욕,89000,N/A,N/A,947,4.65,https://shopping.naver.com/window-products/beauty/4810053826,['고데기/매직기'],N/A,키스뉴욕,0,20250703_125653
4798883168,키스뉴욕 메가 볼륨 핫 브러쉬 (볼륨고데기),키스뉴욕,59000,N/A,N/A,5,4.6,https://shopping.naver.com/window-products/beauty/4798883168,['고데기/매직기'],N/A,키스뉴욕,0,20250703_125653
4748070793,페이스팩토리 울트라 딥 진동 클렌저,페이스팩토리,69900,N/A,N/A,20,4.7,https://shopping.naver.com/window-products/beauty/4748070793,['피부케어기기'],N/A,페이스팩토리,0,20250703_125653
4745443240,SEESOO 속눈썹 히팅뷰러 드라이기,SEESOO칠소,20000,N/A,N/A,38,4.29,https://shopping.naver.com/window-products/beauty/4745443240,['눈썹정리기'],N/A,SEESOO칠소,0,20250703_125653
4698984586,라라로즈데이 뷰티레이 LED 마스크,라라로즈데이,128000,N/A,N/A,2,4.5,https://shopping.naver.com/window-products/beauty/4698984586,['피부케어기기'],N/A,라라로즈데이,0,20250703_125653
4670260277,비비도 초초 마카롱 실리콘 진동 전동 클렌저 세안기 피부 관리 얼굴,엘핑,18800,N/A,N/A,10,3.5,https://shopping.naver.com/window-products/beauty/4670260277,['피부케어기기'],N/A,비비도,0,20250703_125653
4667250830,어댑터 (러비어스 LED 마스크 전용),디클,6900,N/A,N/A,3,5.0,https://shopping.naver.com/window-products/beauty/4667250830,['이미용가전액세서리'],N/A,디클,0,20250703_125653
4663387549,범일 스파시스 라시오 미니 매직기 고데기 차량용 고데기 앞머리 남자 휴대용 볼륨고데기 BUMIL SPASYS LACIO,스파시스,44800,N/A,N/A,147,4.59,https://shopping.naver.com/window-products/beauty/4663387549,['고데기/매직기'],N/A,스파시스,0,20250703_125653
4653638795,"[ 특가 49,900원 ] 디클 러비어스 LED 테라피 마스크 / 324개 / 3파장 / 선물용",디클,199000,N/A,N/A,204,4.63,https://shopping.naver.com/window-products/beauty/4653638795,['피부케어기기'],N/A,디클,0,20250703_125653
4608019487,스파시스 살롱 습식 판 고데기 스타일러(BUMIL SPASYS DBST/SD/미니고데기),스파시스,350000,N/A,N/A,73,4.56,https://shopping.naver.com/window-products/beauty/4608019487,['고데기/매직기'],N/A,스파시스,0,20250703_125653
4606504754,비비도 캡틴헤르츠 EMS 저주파 마사지기 종아리 허벅지 다리 어깨 복근 가정용 안마기,엘핑,48900,N/A,N/A,2,4.5,https://shopping.naver.com/window-products/beauty/4606504754,['피부케어기기'],N/A,비비도,0,20250703_125653
4578703384,뷰티인어스 마이아쿠아필 교체형 그레이 헤드팁 세트,뷰티인어스,8900,N/A,N/A,5,4.8,https://shopping.naver.com/window-products/beauty/4578703384,['이미용가전액세서리'],N/A,뷰티인어스,0,20250703_125653
4570079161,바나브 커버핏 - 듀얼 메이크업 브러쉬&퍼프/파운데이션 브러쉬,바나브,120000,N/A,N/A,8,5.0,https://shopping.naver.com/window-products/beauty/4570079161,['기타이미용가전'],N/A,바나브,0,20250703_125653
4078937531,피부홈케어 디바이스 마사지기 LED 블링 갈바닉 SET,착한팩토리,178000,N/A,N/A,202,4.51,https://shopping.naver.com/window-products/beauty/4078937531,['피부케어기기'],N/A,착한팩토리,0,20250703_125653
3935953365,바나브 버블팝 클렌저 1ea,바나브,148000,N/A,N/A,317,4.7,https://shopping.naver.com/window-products/beauty/3935953365,['피부케어기기'],N/A,바나브,0,20250703_125653
3928904995,AC 스팟 힐러 국소부위 케어 LED 펜,닥터슈라클,40000,N/A,N/A,249,4.35,https://shopping.naver.com/window-products/beauty/3928904995,['피부케어기기'],N/A,닥터슈라클,0,20250703_125653
3663800732,비비도 엘이디 이온 진동 두피 케어 마사지기 관리기 지압 모발 브러쉬 앰플,엘핑,123000,N/A,N/A,18,4.56,https://shopping.naver.com/window-products/beauty/3663800732,['피부케어기기'],N/A,비비도,0,20250703_125653
3564386670,비비도 엘라스틱 피부마사지기,엘핑,28800,N/A,N/A,78,4.35,https://shopping.naver.com/window-products/beauty/3564386670,['피부케어기기'],N/A,비비도,0,20250703_125653
3336914958,더레드립 더마 LED 마스크3 집중 3파장 엘이디 피부관리기 얼굴마사지기,더레드립,890000,N/A,N/A,404,4.6,https://shopping.naver.com/window-products/beauty/3336914958,['피부케어기기'],N/A,더레드립,0,20250703_125653
2964233700,뷰리 얼굴마사지기 뷰디디바이스 갈바닉 마사지기 피부관리기,디오네,108000,N/A,N/A,13,4.38,https://shopping.naver.com/window-products/beauty/2964233700,['피부케어기기'],N/A,디오네,0,20250703_125653
2964220977,디오네 초음파 피부관리기 가정용 갈바닉 마사지,디오네,118000,N/A,N/A,5,4.6,https://shopping.naver.com/window-products/beauty/2964220977,['피부케어기기'],N/A,디오네,0,20250703_125653
2964211775,블로리 피부관리기 갈바닉 마사지기 미용기기 홈케어 뷰티디바이스,디오네,138000,N/A,N/A,3,5.0,https://shopping.naver.com/window-products/beauty/2964211775,['피부케어기기'],N/A,디오네,0,20250703_125653
2962863091,초음파 갈바닉 이온 뷰티디바이스 얼굴 바디 디오네플러스 피부관리기 홈케어,디오네,168000,N/A,N/A,22,4.68,https://shopping.naver.com/window-products/beauty/2962863091,['피부케어기기'],N/A,디오네,0,20250703_125653
2763634893,바나브 타임머신 핑크- 갈바닉 이온 마사지기 얼굴마사지기구 데콜테,바나브,88000,N/A,N/A,116,4.52,https://shopping.naver.com/window-products/beauty/2763634893,['피부케어기기'],N/A,바나브,0,20250703_125653
2763571293,위드웰 4D 진동클렌저 클렌징브러쉬 얼굴각질제거 모공브러쉬,위드웰,59800,N/A,N/A,33,4.48,https://shopping.naver.com/window-products/beauty/2763571293,['피부케어기기'],N/A,위드웰,0,20250703_125653
2320788175,바나브 타임머신 레드-갈바닉 이온 마사지기 데콜테 피부관리기 피부미용기기,바나브,88000,N/A,N/A,47,4.62,https://shopping.naver.com/window-products/beauty/2320788175,['피부케어기기'],N/A,바나브,0,20250703_125653
2005839309,바나브 타임머신 - 갈바닉 이온 마사지기 데콜테 피부미용기기 가정용피부관리기,바나브,88000,N/A,N/A,298,4.69,https://shopping.naver.com/window-products/beauty/2005839309,['피부케어기기'],N/A,바나브,0,20250703_125653
11859342881,[랄라케어] 프리미엄 각질제거기 각질앤 1개,랄라케어,249000,N/A,N/A,4,4.75,https://shopping.naver.com/window-products/beauty/11859342881,['피부케어기기'],N/A,랄라케어,0,20250703_125653
11606029385,백억언니 드로윈 네일흡진기 헤파필터 1매,백억언니,11900,N/A,N/A,7,4.86,https://shopping.naver.com/window-products/beauty/11606029385,['손발톱정리기'],N/A,백억언니,0,20250703_125653
11606021053,백억언니 드로윈 네일흡진기 일회용필터 100매,백억언니,13900,N/A,N/A,2,5.0,https://shopping.naver.com/window-products/beauty/11606021053,['손발톱정리기'],N/A,백억언니,0,20250703_125653
11534020354,청담스타일 뿌리펌 브러쉬 고데기 1개,청담스타일,59900,N/A,N/A,161,4.53,https://shopping.naver.com/window-products/beauty/11534020354,['에어브러시'],N/A,청담스타일,0,20250703_125653
11533922836,청담스타일 글램펌 슈퍼 엑스 볼륨 브러쉬 고데기 1개 퍼플,청담스타일,79900,N/A,N/A,21,4.29,https://shopping.naver.com/window-products/beauty/11533922836,['고데기/매직기'],N/A,청담스타일,0,20250703_125653
11529826358,어헤즈 에어 픽서 볼륨 스타일러 WML01 1 고데기 1개,청담스타일,79900,N/A,N/A,2,3.5,https://shopping.naver.com/window-products/beauty/11529826358,['에어브러시'],N/A,청담스타일,0,20250703_125653
11525670701,청담스타일 와이드엣지 볼륨 브러쉬 고데기 1개,청담스타일,79900,N/A,N/A,7,4.29,https://shopping.naver.com/window-products/beauty/11525670701,['에어브러시'],N/A,청담스타일,0,20250703_125653
11513724572,데싱디바 원젤 전용 LED 램프 1개,데싱디바,22000,N/A,N/A,9,5.0,https://shopping.naver.com/window-products/beauty/11513724572,['손발톱정리기'],N/A,데싱디바,0,20250703_125653
11395536623,[위드샨] 스탠다드 핀큐어 젤 램프 3W LED/UV 1개,위드샨,20000,N/A,N/A,18,4.94,https://shopping.naver.com/window-products/beauty/11395536623,['손발톱정리기'],N/A,위드샨,0,20250703_125653
11188247203,레이트 데이노바 디퓨저 노즐 1개,레이트,29900,N/A,N/A,4,5.0,https://shopping.naver.com/window-products/beauty/11188247203,['이미용가전액세서리'],N/A,레이트,0,20250703_125653
11173558027,제니퍼 네일 비트 클린브러쉬 4.5cm 2.5cm 1.5cm 1개퍼 네일 비트 클린브러쉬 4.5cm 2.5cm 1.5cm 1개,제니퍼,5000,N/A,N/A,6,4.67,https://shopping.naver.com/window-products/beauty/11173558027,['이미용가전액세서리'],N/A,제니퍼,0,20250703_125653
11173530400,제니퍼 핀큐어 젤램프 큐어링 거치대 9.5cm 15.5cm 1개,제니퍼,15000,N/A,N/A,8,4.63,https://shopping.naver.com/window-products/beauty/11173530400,['손발톱정리기'],N/A,제니퍼,0,20250703_125653
11173411443,제니퍼 네일램프 젤네일램프 유선 스마트10 225mm 240mm 105mm 1개,제니퍼,98000,N/A,N/A,3,3.67,https://shopping.naver.com/window-products/beauty/11173411443,['손발톱정리기'],N/A,제니퍼,0,20250703_125653
11145876444,얼라인랩 리프핏 아이 + 아이 패치 EMS 눈밑처짐 눈가주름개선 아이백 콜라겐 리프팅 눈가주름패치 홈케어 얼굴마사지기,얼라인랩,165000,N/A,N/A,25,4.92,https://shopping.naver.com/window-products/beauty/11145876444,['피부케어기기'],N/A,얼라인랩,0,20250703_125653
11127311879,볼리움 아이보리 1대 기획(+젤크림2+쇼핑백) 슈링크회사 고주파 뷰티디바이스,스케덤,697000,N/A,N/A,16,4.69,https://shopping.naver.com/window-products/beauty/11127311879,['피부케어기기'],N/A,슈링크알엑스,0,20250703_125653
11106673066,동국제약 센텔리안24 마데카 프라임 리추얼 화이트 펄 + 페이스부스팅크림 1개 + 바디부스팅크림 1개 + 겔마스크 1박스+ 미스트 +클렌저+ 쇼핑백/고주파 괄사마사지기 뷰티디바이스,센텔리안24,429000,N/A,N/A,244,4.81,https://shopping.naver.com/window-products/beauty/11106673066,['피부케어기기'],N/A,센텔리안24,0,20250703_125653
11106586126,동국제약 센텔리안24 마데카 프라임 리추얼 화이트 펄1개+ 페이스 부스팅 크림+바디 부스팅 크림+비타씨 앰플+ 떙큐에디션 70ml+샤쉐6종+쇼핑백/고주파 괄사마사지기 뷰티디바이스,센텔리안24,383000,N/A,N/A,870,4.82,https://shopping.naver.com/window-products/beauty/11106586126,['피부케어기기'],N/A,센텔리안24,0,20250703_125653
11106368559,2.0mm + 4.5mm 카트리지 (증정품 젤4개),홈쎄라,1980000,N/A,N/A,8,4.75,https://shopping.naver.com/window-products/beauty/11106368559,['이미용가전액세서리'],N/A,아띠베뷰티,0,20250703_125653
11097305254,[글로우비] 뿌볼 볼륨 고데기 1개,글로우비,100000,N/A,N/A,80,4.55,https://shopping.naver.com/window-products/beauty/11097305254,['고데기/매직기'],N/A,글로우비,0,20250703_125653
11097293107,[글로우비] 고주파 마사지기 1개,글로우비,279000,N/A,N/A,32,5.0,https://shopping.naver.com/window-products/beauty/11097293107,['피부케어기기'],N/A,글로우비,0,20250703_125653
11097197985,브링오가닉 셀프왁싱 워머기 세트 밀키왁스 100g + 워머기 1대 + 스파출라 10pcs,브링오가닉,59900,N/A,N/A,436,4.47,https://shopping.naver.com/window-products/beauty/11097197985,['기타이미용가전'],N/A,브링오가닉,0,20250703_125653
11046572858,제니퍼 젤네일램프 무선 젤램프 큐어링 스마트10 22cm 23cm 13cm,제니퍼,148000,N/A,N/A,22,4.82,https://shopping.naver.com/window-products/beauty/11046572858,['손발톱정리기'],N/A,제니퍼,0,20250703_125653
11034145898,[4월 리뉴얼] 메이크온 스킨 라이트 테라피 3S + 메이크온 페이셜 부스팅 스파,메이크온,925000,N/A,N/A,5,4.8,https://shopping.naver.com/window-products/beauty/11034145898,['피부케어기기'],N/A,메이크온,0,20250703_125653
11034142016,[4월 리뉴얼] 메이크온 스킨 라이트 테라피 3S + 메이크온 마그네타이트 바디롤러,메이크온,655000,N/A,N/A,4,5.0,https://shopping.naver.com/window-products/beauty/11034142016,['피부케어기기'],N/A,메이크온,0,20250703_125653
11034139347,[4월 리뉴얼] 메이크온 스킨 라이트 테라피 3S + 마그네타이트15,메이크온,545000,N/A,N/A,62,4.76,https://shopping.naver.com/window-products/beauty/11034139347,['피부케어기기'],N/A,메이크온,0,20250703_125653
11034100903,[4월 리뉴얼] 메이크온 스킨 라이트 테라피 3S + 젬 소노 테라피 릴리프,메이크온,800000,N/A,N/A,25,4.92,https://shopping.naver.com/window-products/beauty/11034100903,['피부케어기기'],N/A,메이크온,0,20250703_125653
11028891600,데싱디바 LED 돔 램프 1개,데싱디바,50000,N/A,N/A,36,4.67,https://shopping.naver.com/window-products/beauty/11028891600,['손발톱정리기'],N/A,데싱디바,0,20250703_125653
11027817153,얼라인랩 리프핏 숄더 + 바디 크림 EMS 저주파 승모근관리 직각어깨 바디관리 보습 승모근마사지기,얼라인랩,180000,N/A,N/A,6,4.5,https://shopping.naver.com/window-products/beauty/11027817153,['피부케어기기'],N/A,얼라인랩,0,20250703_125653
11011550609,얼라인랩 리프핏 아이 + 크림 EMS 눈밑처짐 주름개선 아이백 눈가마사지기 아이크림 홈케어 얼굴마사지기,얼라인랩,214600,N/A,N/A,238,4.65,https://shopping.naver.com/window-products/beauty/11011550609,['피부케어기기'],N/A,얼라인랩,0,20250703_125653
11011550026,얼라인랩 리프핏 브이 EMS 밴드형 얼굴마사지기 홈케어 브이라인마사지기,얼라인랩,143000,N/A,N/A,149,4.5,https://shopping.naver.com/window-products/beauty/11011550026,['피부케어기기'],N/A,얼라인랩,0,20250703_125653
11011539541,얼라인랩 리프핏 바디 EMS 저주파 몸매라인 홈케어 바디마사지기,얼라인랩,93000,N/A,N/A,24,4.83,https://shopping.naver.com/window-products/beauty/11011539541,['피부케어기기'],N/A,얼라인랩,0,20250703_125653
11007592592,필립스 S3000 시리즈 전기면도기 S3243/12 스톰 블루_1개,필립스,177000,N/A,N/A,344,4.79,https://shopping.naver.com/window-products/beauty/11007592592,['전기면도기'],N/A,필립스,0,20250703_125653
10985477438,홈쎄라 플라닉 플라즈마+갈바닉 디바이스 얼굴마사지기 광채피부 미용기기 피부관리기,홈쎄라,990000,N/A,N/A,89,4.83,https://shopping.naver.com/window-products/beauty/10985477438,['피부케어기기'],N/A,아띠베뷰티,0,20250703_125653
10985476324,홈쎄라 5만샷 패키지 하이푸 집속초음파 얼굴리프팅 홈케어 뷰티디바이스 (본체1개+카트리지1개),홈쎄라,3000000,N/A,N/A,299,4.69,https://shopping.naver.com/window-products/beauty/10985476324,['피부케어기기'],N/A,아띠베뷰티,0,20250703_125653
10985475339,홈쎄라 카트리지 2.0 (5만샷/20도트) 하이푸 디바이스 홈케어 탄력기기 얼굴 리프팅 피부관리기,홈쎄라,990000,N/A,N/A,14,4.86,https://shopping.naver.com/window-products/beauty/10985475339,['이미용가전액세서리'],N/A,아띠베뷰티,0,20250703_125653
10985474534,홈쎄라 카트리지 4.5 (5만샷/20도트) 하이푸 디바이스 홈케어 탄력기기 얼굴 리프팅 피부관리기,홈쎄라,990000,N/A,N/A,57,4.7,https://shopping.naver.com/window-products/beauty/10985474534,['이미용가전액세서리'],N/A,아띠베뷰티,0,20250703_125653
10985442854,[플러스에어 공식몰] 헤어 드라이기 드라이어 H3 1개,플러스에어,152000,N/A,N/A,448,4.79,https://shopping.naver.com/window-products/beauty/10985442854,['드라이어'],N/A,플러스에어 공식스토어,0,20250703_125653
10985440141,[플러스에어 공식몰] 헤어 드라이기 드라이어 H3 프리미엄세트 (드라이기+에어컬 세트) 1개,플러스에어,198000,N/A,N/A,23,4.91,https://shopping.naver.com/window-products/beauty/10985440141,['드라이어'],N/A,플러스에어 공식스토어,0,20250703_125653
10985434449,[플러스에어 공식몰] H20 헤어드라이기 에어컬 세트 (드라이기 1개 + 에어컬 1개,플러스에어,133000,N/A,N/A,666,4.72,https://shopping.naver.com/window-products/beauty/10985434449,['드라이어'],N/A,플러스에어 공식스토어,0,20250703_125653
10972084490,유닉스 내추럴 프리볼트 34mm 물결 웨이브 고데기 UCI-A3434 1개,유닉스,70000,N/A,N/A,32,4.66,https://shopping.naver.com/window-products/beauty/10972084490,['고데기/매직기'],N/A,유닉스,0,20250703_125653
10972081371,유닉스 캐주얼 웨이브 36mm 봉고데기 UCI-A4136 1개,유닉스,59000,N/A,N/A,166,4.67,https://shopping.naver.com/window-products/beauty/10972081371,['고데기/매직기'],N/A,유닉스,0,20250703_125653
10972075830,유닉스 글램 웨이브 40mm 봉고데기 UCI-A4140 1개,유닉스,59000,N/A,N/A,113,4.91,https://shopping.naver.com/window-products/beauty/10972075830,['고데기/매직기'],N/A,유닉스,0,20250703_125653
10972060041,유닉스 BLDC 디오 저소음 경량 드라이기 UN-A7320P 1개,유닉스,109900,N/A,N/A,1438,4.85,https://shopping.naver.com/window-products/beauty/10972060041,['드라이어'],N/A,유닉스,0,20250703_125653
10972059222,유닉스 BLDC 디오 저소음 경량 드라이기 UN-A7310Y 1개,유닉스,109900,N/A,N/A,981,4.88,https://shopping.naver.com/window-products/beauty/10972059222,['드라이어'],N/A,유닉스,0,20250703_125653
10844354523,엘리뷰 수분고데기 매직기 판고데기 스트레이트 C컬 S컬 매직 손상모 물광 고데기 1개,엘리뷰,99800,N/A,N/A,16,4.69,https://shopping.naver.com/window-products/beauty/10844354523,['고데기/매직기'],N/A,엘리뷰,0,20250703_125653
10770250300,[위드샨] 프로 흡진기 (더스트 콜렉터) 1개,위드샨,42000,N/A,N/A,14,4.79,https://shopping.naver.com/window-products/beauty/10770250300,['손발톱정리기'],N/A,위드샨,0,20250703_125653
10768543460,예스뷰티 선물용 프리미엄 실키 드라이기 YB-1923 전문가용 미용실 항공모터 1개,예스뷰티,137200,N/A,N/A,22,4.91,https://shopping.naver.com/window-products/beauty/10768543460,['드라이어'],N/A,예스뷰티,0,20250703_125653
10738539328,데싱디바 10W 프로 LED 램프 1개,데싱디바,22000,N/A,N/A,17,5.0,https://shopping.naver.com/window-products/beauty/10738539328,['손발톱정리기'],N/A,데싱디바,0,20250703_125653
10738538645,데싱디바 LED 미니 램프 1개,데싱디바,18000,N/A,N/A,22,4.77,https://shopping.naver.com/window-products/beauty/10738538645,['손발톱정리기'],N/A,데싱디바,0,20250703_125653
10673241540,포레오 진동클렌저 루나 3 미니 (펄 핑크) 1개,포레오,218000,N/A,N/A,6,4.83,https://shopping.naver.com/window-products/beauty/10673241540,['피부케어기기'],N/A,포레오 공식 스토어,0,20250703_125653
10673233872,포레오 진동클렌저 루나 3 미니 (민트) 1개,포레오,218000,N/A,N/A,10,4.9,https://shopping.naver.com/window-products/beauty/10673233872,['피부케어기기'],N/A,포레오 공식 스토어,0,20250703_125653
10673227176,포레오 진동클렌저 루나 3 미니 (미드나잇) 1개,포레오,218000,N/A,N/A,11,5.0,https://shopping.naver.com/window-products/beauty/10673227176,['피부케어기기'],N/A,포레오 공식 스토어,0,20250703_125653
10673167597,포레오 진동클렌저 루나 3 미니 (푸시아) 1개,포레오,218000,N/A,N/A,6,5.0,https://shopping.naver.com/window-products/beauty/10673167597,['피부케어기기'],N/A,포레오 공식 스토어,0,20250703_125653
10673153518,포레오 진동클렌저 루나 4 플러스 (일반 피부) 1개,포레오,699000,N/A,N/A,2,4.5,https://shopping.naver.com/window-products/beauty/10673153518,['피부케어기기'],N/A,포레오 공식 스토어,0,20250703_125653
10673148564,포레오 진동클렌저 루나 4 플러스 (민감성 피부) 1개,포레오,699000,N/A,N/A,31,4.97,https://shopping.naver.com/window-products/beauty/10673148564,['피부케어기기'],N/A,포레오 공식 스토어,0,20250703_125653
10673143164,포레오 진동클렌저 루나 4 (남성그루밍) 1개,포레오,348000,N/A,N/A,9,4.78,https://shopping.naver.com/window-products/beauty/10673143164,['피부케어기기'],N/A,포레오 공식 스토어,0,20250703_125653
10673137193,포레오 진동클렌저 루나 4 (복합성 피부) 1개,포레오,348000,N/A,N/A,10,5.0,https://shopping.naver.com/window-products/beauty/10673137193,['피부케어기기'],N/A,포레오 공식 스토어,0,20250703_125653
10673125104,포레오 진동클렌저 루나 4 (민감성 피부) 1개,포레오,348000,N/A,N/A,80,4.89,https://shopping.naver.com/window-products/beauty/10673125104,['피부케어기기'],N/A,포레오 공식 스토어,0,20250703_125653
10673115287,포레오 진동클렌저 루나 4 미니 (코랄) 1개,포레오,243000,N/A,N/A,9,5.0,https://shopping.naver.com/window-products/beauty/10673115287,['피부케어기기'],N/A,포레오 공식 스토어,0,20250703_125653
10673103642,포레오 진동클렌저 루나 4 미니 (아틱 블루) 1개,포레오,243000,N/A,N/A,5,5.0,https://shopping.naver.com/window-products/beauty/10673103642,['피부케어기기'],N/A,포레오 공식 스토어,0,20250703_125653
10673098463,포레오 진동클렌저 루나 4 미니 (펄 핑크) 1개,포레오,243000,N/A,N/A,5,5.0,https://shopping.naver.com/window-products/beauty/10673098463,['피부케어기기'],N/A,포레오 공식 스토어,0,20250703_125653
10673085883,포레오 진동클렌저 루나 4 바디브러시 (에버그린) 1개,포레오,261000,N/A,N/A,8,4.5,https://shopping.naver.com/window-products/beauty/10673085883,['피부케어기기'],N/A,포레오 공식 스토어,0,20250703_125653
10673007152,포레오 진동클렌저 루나 4 바디브러시 (피치) 1개,포레오,261000,N/A,N/A,7,4.14,https://shopping.naver.com/window-products/beauty/10673007152,['피부케어기기'],N/A,포레오 공식 스토어,0,20250703_125653
10673001356,포레오 진동클렌저 루나 4 바디브러시 (라벤더) 1개,포레오,261000,N/A,N/A,6,5.0,https://shopping.naver.com/window-products/beauty/10673001356,['피부케어기기'],N/A,포레오 공식 스토어,0,20250703_125653
10672862082,포레오 UFO 2 LED 마스크 (민트) 1개,포레오,347000,N/A,N/A,1,3.0,https://shopping.naver.com/window-products/beauty/10672862082,['기타이미용가전'],N/A,포레오 공식 스토어,0,20250703_125653
10672763651,포레오 진동클렌저 루나 4 고 피스타치오 1개,포레오,174000,N/A,N/A,22,4.64,https://shopping.naver.com/window-products/beauty/10672763651,['피부케어기기'],N/A,포레오 공식 스토어,0,20250703_125653
10672733845,포레오 FAQ스위스 102 핑크 루비 1개,포레오,1034000,N/A,N/A,2,4.5,https://shopping.naver.com/window-products/beauty/10672733845,['피부케어기기'],N/A,포레오 공식 스토어,0,20250703_125653
10672717213,포레오 FAQ스위스 103 다이아몬드 (프라이머 30ml+클렌징 스프레이 60ml 세트) 1개,포레오,2260000,N/A,N/A,2,5.0,https://shopping.naver.com/window-products/beauty/10672717213,['기타이미용가전'],N/A,포레오 공식 스토어,0,20250703_125653
10672709138,포레오 FAQ 201 안티에이징 LED 마스크 1개,포레오,880000,N/A,N/A,2,4.5,https://shopping.naver.com/window-products/beauty/10672709138,['기타이미용가전'],N/A,포레오 공식 스토어,0,20250703_125653
10669684909,포레오 진동클렌저 루나 3 (민감성 피부) 1개,포레오,298000,N/A,N/A,47,4.91,https://shopping.naver.com/window-products/beauty/10669684909,['기타이미용가전'],N/A,포레오 공식 스토어,0,20250703_125653
10669683410,포레오 진동클렌저 루나 3 (일반 피부) 1개,포레오,298000,N/A,N/A,12,5.0,https://shopping.naver.com/window-products/beauty/10669683410,['피부케어기기'],N/A,포레오 공식 스토어,0,20250703_125653
10669682139,포레오 진동클렌저 루나 3 (복합성 피부) 1개,포레오,298000,N/A,N/A,5,5.0,https://shopping.naver.com/window-products/beauty/10669682139,['피부케어기기'],N/A,포레오 공식 스토어,0,20250703_125653
10608134104,포레오 UFO 3 LED 1개,포레오,350000,N/A,N/A,2,5.0,https://shopping.naver.com/window-products/beauty/10608134104,['기타이미용가전'],N/A,포레오 공식 스토어,0,20250703_125653
10608122709,포레오 UFO 3 (블랙) 1개,포레오,520000,N/A,N/A,1,4.0,https://shopping.naver.com/window-products/beauty/10608122709,['기타이미용가전'],N/A,포레오 공식 스토어,0,20250703_125653
10592814906,알록 핏세라 뷰티디바이스 피부관리기 홈케어 리프팅 디바이스,알록,450000,N/A,N/A,1,4.0,https://shopping.naver.com/window-products/beauty/10592814906,['피부케어기기'],N/A,알록스토어,0,20250703_125653
10592781754,알록 울트라체인지 고주파마사지기 뷰티디바이스 얼굴마사지기 피부관리기,AALOK,1160000,N/A,N/A,3,4.0,https://shopping.naver.com/window-products/beauty/10592781754,['피부케어기기'],N/A,알록스토어,0,20250703_125653
10508375681,박준뷰티랩 베이직 헤어 드라이기 PJP-1350,박준,120000,N/A,N/A,7,3.71,https://shopping.naver.com/window-products/beauty/10508375681,['드라이어'],N/A,박준,0,20250703_125653
10444432606,[후기이벤트] 펄케어 트리플웨이 미용기기 멀티 고주파 초음파 마사지기 피부관리기,펄케어,699000,N/A,N/A,206,4.93,https://shopping.naver.com/window-products/beauty/10444432606,['피부케어기기'],N/A,펄케어,0,20250703_125653
10434744270,바렌 패디마스터 전동 발각질제거기 발바닥 굳은살 제거 발뒤꿈치 발각질관리 1세트,바렌,265000,N/A,N/A,223,4.72,https://shopping.naver.com/window-products/beauty/10434744270,['피부케어기기'],N/A,바렌,0,20250703_125653
10412672078,쇼시 VIMO9 휴대용 여행용 트리머 코털제거기 1개,쇼시,11000,N/A,N/A,132,4.78,https://shopping.naver.com/window-products/beauty/10412672078,['코털제거기'],N/A,ShowSee,0,20250703_125653
10408407223,동국제약 센텔리안24 마데카 프라임 인피니티 화이트 1개+부스팅 앰플 30ml 3종 + 부스팅샷젤 1개 + 미스트 1개 +클렌저 1개 +샤쉐6종+쇼핑백 / 뷰티디바이스 홈케어기기,센텔리안24,1290000,N/A,N/A,41,4.68,https://shopping.naver.com/window-products/beauty/10408407223,['피부케어기기'],N/A,센텔리안24,0,20250703_125653
10376768665,라피타 사파이어 쿨링 제모 의료기기 IPL DUAL+레더 멀티 파우치 1개,라피타,423000,N/A,N/A,30,4.47,https://shopping.naver.com/window-products/beauty/10376768665,['제모기'],N/A,라피타,0,20250703_125653
10365333046,제니퍼 네일램프 젤네일램프 스마트3  200mm 230mm 150mm 1개,제니퍼,75000,N/A,N/A,47,4.72,https://shopping.naver.com/window-products/beauty/10365333046,['손발톱정리기'],N/A,제니퍼,0,20250703_125653
10338133417,제니퍼 젤네일램프 젤램프 큐어링 마카롱 191mm 81mm 164mm 1개,제니퍼,60000,N/A,N/A,50,4.92,https://shopping.naver.com/window-products/beauty/10338133417,['손발톱정리기'],N/A,제니퍼,0,20250703_125653
10307108488,동국제약 센텔리안24 마데카 프라임 인피니티 1개 +부스팅앰플 30ml 6개+부스팅샷젤 1개+ 미스트 1개 + 클렌저 1개 + 앰플 샤쉐 6종 +쇼핑백 / 뷰티디바이스 홈케어기기,센텔리안24,1419000,N/A,N/A,10,4.6,https://shopping.naver.com/window-products/beauty/10307108488,['피부케어기기'],N/A,센텔리안24,0,20250703_125653
10284195914,제니퍼 네일비트 10종 세트 10cm 5.5cm 10개 세트,제니퍼,49900,N/A,N/A,97,4.92,https://shopping.naver.com/window-products/beauty/10284195914,['이미용가전액세서리'],N/A,제니퍼,0,20250703_125653
10281895492,벨라컨투어 V 리프트 LED 마스크 넥케어 1세트,아나시스,264500,N/A,N/A,27,4.85,https://shopping.naver.com/window-products/beauty/10281895492,['피부케어기기'],N/A,아나시스,0,20250703_125653
10273151595,UP7 니들샷 1ea,바나브,348000,N/A,N/A,53,4.74,https://shopping.naver.com/window-products/beauty/10273151595,['피부케어기기'],N/A,바나브,0,20250703_125653
10239922039,볼리움 2대 기획(볼리움2+전용젤크림 8+쇼핑백2)슈링크회사 고주파 뷰티 디바이스,스케덤,1590000,N/A,N/A,21,5.0,https://shopping.naver.com/window-products/beauty/10239922039,['피부케어기기'],N/A,슈링크알엑스,0,20250703_125653
10182535718,동국제약 센텔리안24 마데카 프라임 인피니티 화이트 + 부스팅 샷젤 150ml +부스팅앰플 30ml 4개 +부스팅샷젤+미스트+클렌저+샤쉐 6종+쇼핑백/ 뷰티디바이스 홈케어기기,센텔리안24,1363000,N/A,N/A,3,4.0,https://shopping.naver.com/window-products/beauty/10182535718,['피부케어기기'],N/A,센텔리안24,0,20250703_125653
10182220915,동국제약 센텔리안24 마데카 프라임 인피니티 1개+부스팅 샷젤 150ml 1개+부스팅 앰플 3종+부스팅샷젤+미스트+클렌저+앰플 샤쉐 6종 + 쇼핑백/ 뷰티디바이스 홈케어기기,센텔리안24,1320000,N/A,N/A,14,4.64,https://shopping.naver.com/window-products/beauty/10182220915,['피부케어기기'],N/A,센텔리안24,0,20250703_125653
10181406431,왁스키스 셀프왁싱 가정용 워머기 100ml 1개,왁스키스,23000,N/A,N/A,1,5.0,https://shopping.naver.com/window-products/beauty/10181406431,['기타이미용가전'],N/A,왁스키스,0,20250703_125653
10163589056,제니퍼 네일드릴 손발톱정리기 스케일링 전동 그라인더 네꼬,제니퍼,44800,N/A,N/A,875,4.78,https://shopping.naver.com/window-products/beauty/10163589056,['손발톱정리기'],N/A,제니퍼,0,20250703_125653
10120154807,리쥬란 리쥬리프 타겟 초음파 3.0 카트리지 1개,리쥬란힐러,520000,N/A,N/A,2,5.0,https://shopping.naver.com/window-products/beauty/10120154807,['피부케어기기'],N/A,리쥬란 힐러,0,20250703_125653
10041621238,동국제약 센텔리안24 마데카 프라임 인피니티 1개 + 부스팅앰플30ml 3종 + 비타씨 부스팅 앰플 20ml+ 땡큐에디션 70ml+샤쉐 6종 + 쇼핑백 / 뷰티디바이스 홈케어기기,센텔리안24,1290000,N/A,N/A,162,4.75,https://shopping.naver.com/window-products/beauty/10041621238,['피부케어기기'],N/A,센텔리안24,0,20250703_125653
1003558008,바나브 레이 - 갈바닉 이온 마사지기 뷰티디바이스 얼굴마사지기구 피부관리기,바나브,62000,N/A,N/A,180,4.67,https://shopping.naver.com/window-products/beauty/1003558008,['피부케어기기'],N/A,바나브,0,20250703_125653
1003513216,[아이돌 관리템]바나브 핫앤쿨스킨핏 냉온 마사지기 쿨링 붓기케어 피부관리기 온열 페이스쿨러 뷰티디바이스,바나브,198000,N/A,N/A,80,4.78,https://shopping.naver.com/window-products/beauty/1003513216,['피부케어기기'],N/A,바나브,0,20250703_125653
1001833261,[올웨이즈 아이메이] 항균 실리콘 스킨 에그 브러쉬 (차밍 핑크),아이메이,99000,N/A,N/A,5,4.4,https://shopping.naver.com/window-products/beauty/1001833261,['피부케어기기'],N/A,올웨이즈 아이메이,0,20250703_125653
1001833256,[올웨이즈 아이메이] 골드T 페이스 미세전류 진동 리프터,아이메이,59000,N/A,N/A,13,3.92,https://shopping.naver.com/window-products/beauty/1001833256,['피부케어기기'],N/A,올웨이즈 아이메이,0,20250703_125653
1001833241,[올웨이즈 아이메이] 밍키 아이 미세전류 진동 리프터,아이메이,49000,N/A,N/A,3,5.0,https://shopping.naver.com/window-products/beauty/1001833241,['피부케어기기'],N/A,올웨이즈 아이메이,0,20250703_125653
9987351019,박준뷰티랩 논클립 이지&퀵 봉고데기 웨이브고데기 여신머리 핑크 PJP-M236,박준,190000,N/A,N/A,0,0.0,https://shopping.naver.com/window-products/beauty/9987351019,['고데기/매직기'],N/A,박준,0,20250703_125653
9782994777,JMW 본사직영 프리미엄 LED케어 드라이기 루미에어 STL70 1개,JMW,386000,N/A,N/A,0,0.0,https://shopping.naver.com/window-products/beauty/9782994777,['드라이어'],N/A,제이엠더블유,0,20250703_125653
9541435937,바비온 퓨어팁 네일 드릴 젤 네일 쏙오프 손톱 발톱 그라인더 무좀 관리 연마기 1개,바비온,79000,N/A,N/A,0,0.0,https://shopping.naver.com/window-products/beauty/9541435937,['손발톱정리기'],N/A,바비온,0,20250703_125653
9106539611,[실루에뜨] 3단온도 스마트 속눈썹고데기 히팅뷰러 1개,실루에뜨,39000,N/A,N/A,0,0.0,https://shopping.naver.com/window-products/beauty/9106539611,['기타이미용가전'],N/A,실루에뜨,0,20250703_125653
8456053459,ShowSee 풋케어 완전방수 전동 발각질제거기 1개 + 코털제거기 1개,Showsee,40800,N/A,N/A,0,0.0,https://shopping.naver.com/window-products/beauty/8456053459,['피부케어기기'],N/A,ShowSee,0,20250703_125653
7269367331,바르나 네일비트꽂이 1개,바르나,2900,N/A,N/A,0,0.0,https://shopping.naver.com/window-products/beauty/7269367331,['이미용가전액세서리'],N/A,바르나(BARNA),0,20250703_125653
6780241459,바비온 엑스퍼트 EX7V2 전문가용 바리깡 프로 이발기 클리퍼 1개,바비온,184000,N/A,N/A,0,0.0,https://shopping.naver.com/window-products/beauty/6780241459,['이발기'],N/A,바비온,0,20250703_125653
6774985169,바비온 엑스퍼트 EX4V2 토끼바리깡 전문가용 이발기 미니 클리퍼 1개,바비온,129000,N/A,N/A,0,0.0,https://shopping.naver.com/window-products/beauty/6774985169,['이발기'],N/A,바비온,0,20250703_125653
5359773171,리스프링 갈바닉 이온부스터 뷰티 디바이스,리스프링,25000,N/A,N/A,0,0.0,https://shopping.naver.com/window-products/beauty/5359773171,['피부케어기기'],N/A,리스프링,0,20250703_125653
4976292665,더레드립 더블코어 더마 LED 마스크 1개 피부관리기,더레드립,499000,N/A,N/A,0,0.0,https://shopping.naver.com/window-products/beauty/4976292665,['피부케어기기'],N/A,더레드립,0,20250703_125653
4864750696,진동클렌저  클렌징기기 하나보노  리얼스파클렌저 블랙 한정판 1개,솔루미에스테,168000,N/A,N/A,0,0.0,https://shopping.naver.com/window-products/beauty/4864750696,['피부케어기기'],N/A,솔루미에스테,0,20250703_125653
11839204049,레스노베 코어 임팩트 (다크 와인) 235g 1대 / 홈케어 뷰티디바이스 주름 모공 탄력 울트라샷 초음파 얼굴 피부관리기,레스노베,658000,N/A,N/A,0,0.0,https://shopping.naver.com/window-products/beauty/11839204049,['피부케어기기'],N/A,레스노베,0,20250703_125653
11668736288,루모스 무타공 욕실선반 1개,루모스,13000,N/A,N/A,0,0.0,https://shopping.naver.com/window-products/beauty/11668736288,['이미용가전액세서리'],N/A,루모스,0,20250703_125653
11631098515,백억언니 네일 흡진기 드로윈흡진기 1개+더스트브러쉬 1개,백억언니,198000,N/A,N/A,0,0.0,https://shopping.naver.com/window-products/beauty/11631098515,['손발톱정리기'],N/A,백억언니,0,20250703_125653
11578773655,얼굴 리프팅 기계 뷰티 디바이스 진동 괄사 마사지기 골드뷰티바 팔자주름 24K 밴드스토어,밴드스토어,69000,N/A,N/A,0,0.0,https://shopping.naver.com/window-products/beauty/11578773655,['피부케어기기'],N/A,밴드스토어,0,20250703_125653
11525662844,청담스타일 멀티 체인지 웨이브 아이롱 고데기 1개 실버화이트,청담스타일,89900,N/A,N/A,1,1.0,https://shopping.naver.com/window-products/beauty/11525662844,['에어브러시'],N/A,청담스타일,0,20250703_125653
11466474243,레이트 데이노바 컬링배럴 1개,레이트,39900,N/A,N/A,0,0.0,https://shopping.naver.com/window-products/beauty/11466474243,['이미용가전액세서리'],N/A,레이트,0,20250703_125653
11442647876,매뉴큐리스트 그린플래쉬 24W LED램프 1개,매뉴큐리스트,49000,N/A,N/A,0,0.0,https://shopping.naver.com/window-products/beauty/11442647876,['손발톱정리기'],N/A,매뉴큐리스트,0,20250703_125653
11438094728,[글로우비] 올인원 바디 슬리머 1개 + 토너 1개,글로우비,300000,N/A,N/A,0,0.0,https://shopping.naver.com/window-products/beauty/11438094728,['피부케어기기'],N/A,글로우비,0,20250703_125653
11011551149,얼라인랩 리프핏 바디 2SET EMS 저주파 몸매라인 홈케어 바디마사지기,얼라인랩,186000,N/A,N/A,0,0.0,https://shopping.naver.com/window-products/beauty/11011551149,['피부케어기기'],N/A,얼라인랩,0,20250703_125653
10673130645,포레오 진동클렌저 루나 4 (일반 피부) 1개,포레오,348000,N/A,N/A,0,0.0,https://shopping.naver.com/window-products/beauty/10673130645,['피부케어기기'],N/A,포레오 공식 스토어,0,20250703_125653
10672793806,포레오 UFO 2 LED 마스크 (블랙) 1개,포레오,347000,N/A,N/A,0,0.0,https://shopping.naver.com/window-products/beauty/10672793806,['기타이미용가전'],N/A,포레오 공식 스토어,0,20250703_125653
10672740072,포레오 FAQ스위스 101 아메시스트 1개,포레오,685000,N/A,N/A,0,0.0,https://shopping.naver.com/window-products/beauty/10672740072,['피부케어기기'],N/A,포레오 공식 스토어,0,20250703_125653
10672726784,포레오 FAQ스위스 102 토파즈 1개,포레오,1034000,N/A,N/A,1,2.0,https://shopping.naver.com/window-products/beauty/10672726784,['피부케어기기'],N/A,포레오 공식 스토어,0,20250703_125653
10669677404,포레오 진동클렌저 루나 3 (남성그루밍) 1개,포레오,298000,N/A,N/A,0,0.0,https://shopping.naver.com/window-products/beauty/10669677404,['피부케어기기'],N/A,포레오 공식 스토어,0,20250703_125653
10608114420,포레오 UFO 3 (아틱블루) 1개,포레오,520000,N/A,N/A,0,0.0,https://shopping.naver.com/window-products/beauty/10608114420,['기타이미용가전'],N/A,포레오 공식 스토어,0,20250703_125653
10608105727,포레오 UFO 3 (푸시아) 1개,포레오,520000,N/A,N/A,0,0.0,https://shopping.naver.com/window-products/beauty/10608105727,['기타이미용가전'],N/A,포레오 공식 스토어,0,20250703_125653
10607992025,포레오 UFO 3 (펄 핑크) 1개,포레오,520000,N/A,N/A,0,0.0,https://shopping.naver.com/window-products/beauty/10607992025,['기타이미용가전'],N/A,포레오 공식 스토어,0,20250703_125653
10592816070,알록 스노우핏 뷰티디바이스 피부관리기 홈케어 미백 LED디바이스,알록,480000,N/A,N/A,0,0.0,https://shopping.naver.com/window-products/beauty/10592816070,['피부케어기기'],N/A,알록스토어,0,20250703_125653
10592797446,"알록(Aalok) 헤어버드 본품 1개 / 탈모완화 디바이스, 두피케어 솔루션",알록,1200000,N/A,N/A,0,0.0,https://shopping.naver.com/window-products/beauty/10592797446,['두피케어기기'],N/A,알록스토어,0,20250703_125653
10508713999,박준뷰티랩 점보 웨이브 봉 고데기 매직기 블랙/핑크 에디션 PJP-5030 40mm,박준,139000,N/A,N/A,0,0.0,https://shopping.naver.com/window-products/beauty/10508713999,['고데기/매직기'],N/A,박준,0,20250703_125653
10508695861,박준뷰티랩 점보 웨이브 봉 고데기 매직기 PJP-5030 32mm,박준,139000,N/A,N/A,0,0.0,https://shopping.naver.com/window-products/beauty/10508695861,['고데기/매직기'],N/A,박준,0,20250703_125653
10508687657,박준뷰티랩 뿌리 볼륨 웨이브 헤어 38mm 전문가용 봉 고데기 PJP-5030,박준,139000,N/A,N/A,0,0.0,https://shopping.naver.com/window-products/beauty/10508687657,['고데기/매직기'],N/A,박준,0,20250703_125653
10508273994,박준뷰티랩 프로페셔널 드라이기 전문가용 미용실 헤어드라이어 PGBB-003,박준,99000,N/A,N/A,0,0.0,https://shopping.naver.com/window-products/beauty/10508273994,['드라이어'],N/A,박준,0,20250703_125653
10507981832,박준뷰티랩 원적외선 미용실 헤어 드라이기 PJP-7500,박준,159000,N/A,N/A,0,0.0,https://shopping.naver.com/window-products/beauty/10507981832,['드라이어'],N/A,박준,0,20250703_125653
10507941446,박준뷰티랩 접이식 케빈 헤어 드라이기 PJP-2703,박준,49000,N/A,N/A,0,0.0,https://shopping.naver.com/window-products/beauty/10507941446,['드라이어'],N/A,박준,0,20250703_125653
10035819492,박준뷰티랩 논클립 이지&퀵 봉고데기 블랙 PJP-I225 웨이브고데기 여신머리,박준,190000,N/A,N/A,0,0.0,https://shopping.naver.com/window-products/beauty/10035819492,['고데기/매직기'],N/A,박준,0,20250703_125653
5654689751, 메이크온 스킨라이트 테라피Ⅲ,아모레퍼시픽,350000,N/A,N/A,204,4.87,https://shopping.naver.com/window-products/beauty/5654689751,['피부케어기기'],N/A,아모레 스토어,0,20250703_125653
11976240470,[모던하우스] 1600W 접이식 헤어드라이어_크림 LT0425002,모던하우스 (36152),23900,N/A,N/A,0,0.0,https://shopping.naver.com/window-products/beauty/11976240470,['드라이어'],N/A,모던하우스,0,20250703_125653
11972103130,[모던하우스] 1600W 접이식 헤어드라이어_아이언그레이 LT0425001,모던하우스 (36152),23900,N/A,N/A,0,0.0,https://shopping.naver.com/window-products/beauty/11972103130,['드라이어'],N/A,모던하우스,0,20250703_125653
5053995939,샤오미 미지아 휴대용  초슬림 전기면도기 업그레이드 버전 MSW201,샤오미,79900,N/A,N/A,96,4.47,https://shopping.naver.com/window-products/beauty/5053995939,['전기면도기'],N/A,차이나타오,0,20250703_125653
6227409157,DOCO 아쿠아필링기 블랙헤드 얼굴피지 제거기 초미세 기포 모공 청소기,샤오미,36900,N/A,N/A,39,4.38,https://shopping.naver.com/window-products/beauty/6227409157,['피부케어기기'],N/A,BetterBuy,0,20250703_125653
9700772450,KDATECH 헤어토닉 도포기 두피 케어기기 전동 탈모약 영양제도포 KD-KH2213,KDATECH,36900,N/A,N/A,3,5.0,https://shopping.naver.com/window-products/beauty/9700772450,['두피케어기기'],N/A,BetterBuy,0,20250703_125653
9218310700,YANGZI 자동 롤러 고데기 32mm 물결 웨이브 볼륨 봉고데기 RD-2118,YANGZI,28900,N/A,N/A,1,5.0,https://shopping.naver.com/window-products/beauty/9218310700,['고데기/매직기'],N/A,차이나타오,0,20250703_125653
8888568102,샤오미 바리깡 무선 헤어 클리퍼 이발기 LFQ02KL,샤오미,48800,N/A,N/A,1,5.0,https://shopping.naver.com/window-products/beauty/8888568102,['이발기'],N/A,차이나타오,0,20250703_125653
7191887023,PRITECH 발각질 제거기 전동 발 뒤꿈치 굳은살 관리기 BCM1138,샤오미,23900,N/A,N/A,2,5.0,https://shopping.naver.com/window-products/beauty/7191887023,['피부케어기기'],N/A,BetterBuy,0,20250703_125653
6986504457,DOCO 무선 전동 발각질제거기 F002,샤오미,28900,N/A,N/A,1,5.0,https://shopping.naver.com/window-products/beauty/6986504457,['피부케어기기'],N/A,BetterBuy,0,20250703_125653
6772881368,브라운 헬로우 브로우 아이브로우 쉐이버 눈썹 정리기 FG1106,BRAUN,55900,N/A,N/A,2,5.0,https://shopping.naver.com/window-products/beauty/6772881368,['눈썹정리기'],N/A,유로붐,0,20250703_125653
6333887983,수퍼소닉 HD01/HD02/HD03/HD04/HD08 호환 가능 에아랩 배럴,KAIDA,29900,N/A,N/A,2,5.0,https://shopping.naver.com/window-products/beauty/6333887983,['이미용가전액세서리'],N/A,BetterBuy,0,20250703_125653
6224029130,두피 마사지기 미니 헤드 안마기 반려동물 고야이 강아지 마사지용 가능 M1,KAIDA,29900,N/A,N/A,3,5.0,https://shopping.naver.com/window-products/beauty/6224029130,['두피케어기기'],N/A,BetterBuy,0,20250703_125653
5239340558,브라운 시리즈 5 무선 전기 면도기 50-B1200s 블루,BRAUN,169000,N/A,N/A,1,5.0,https://shopping.naver.com/window-products/beauty/5239340558,['전기면도기'],N/A,유로붐,0,20250703_125653
4259703671,"헌트키 피부미인 수분, 유분 체크기",헌트키,36000,N/A,N/A,1,5.0,https://shopping.naver.com/window-products/beauty/4259703671,['기타이미용가전'],N/A,1BON도쿄,0,20250703_125653
4103965964,파나소닉 스트레이트 나노케어 고데기 3컬러 EH-HS9A,파나소닉,195600,N/A,N/A,1,5.0,https://shopping.naver.com/window-products/beauty/4103965964,['고데기/매직기'],N/A,1BON도쿄,0,20250703_125653
3913420922,파나소닉 속눈썹컬러 EH-SE70 화이트,N/A,59500,N/A,N/A,1,5.0,https://shopping.naver.com/window-products/beauty/3913420922,['눈썹정리기'],N/A,도쿄투데이,0,20250703_125653
3435198419,필립스 SH50 스펙트라 리플레이스먼트 레이저 헤드 3개입,N/A,48390,N/A,N/A,5,5.0,https://shopping.naver.com/window-products/beauty/3435198419,['면도날/망'],N/A,미국장보기,0,20250703_125653
11260116818,프리미엄 뷰티 디바이스 리쥬리프 (PR-RLB10BT) 세트 구성,리쥬란힐러,2038000,N/A,N/A,3,5.0,https://shopping.naver.com/window-products/beauty/11260116818,['피부케어기기'],N/A,리쥬란 코스메틱,0,20250703_125653
10253148185,필립스 노렐코 멀티그룸 얼티메이트 프레시즌 올인원 트리머 전기면도기 MG9525/40,필립스,129100,N/A,N/A,2,5.0,https://shopping.naver.com/window-products/beauty/10253148185,['전기면도기'],N/A,러브시카고,0,20250703_125653
6470564165,FS 남녀공용 옥수수 고데기 뿌리불륨펌 웨이브 H189,FS,30000,N/A,N/A,6,4.83,https://shopping.naver.com/window-products/beauty/6470564165,['고데기/매직기'],N/A,차이나타오,0,20250703_125653
6286081737,KSKIN 뷰티 빗 고데기 헤라 매직기 전문가용 KD380,샤오미,35900,N/A,N/A,5,4.8,https://shopping.naver.com/window-products/beauty/6286081737,['고데기/매직기'],N/A,BetterBuy,0,20250703_125653
5239220184,브라운 유무선 헤어 이발기  HC5090 실버,BRAUN,99300,N/A,N/A,50,4.76,https://shopping.naver.com/window-products/beauty/5239220184,['이발기'],N/A,유로붐,0,20250703_125653
6305759109,미니 스팀 피부 보습기 미스트기 온열 미용 스팀기 ZLQ-01,KAIDA,20900,N/A,N/A,32,4.69,https://shopping.naver.com/window-products/beauty/6305759109,['피부케어기기'],N/A,BetterBuy,0,20250703_125653
6581957658,inFace 온감 아쿠아필링기 블랙헤드 제거기 페이스피지 모공 청소기 XQPHTY,샤오미,65900,N/A,N/A,3,4.67,https://shopping.naver.com/window-products/beauty/6581957658,['피부케어기기'],N/A,BetterBuy,0,20250703_125653
4380769751,샤오미 코털제거기 눈썹털 정리가능 soocas N1,soocas,25900,N/A,N/A,45,4.56,https://shopping.naver.com/window-products/beauty/4380769751,['코털제거기'],N/A,차이나타오,0,20250703_125653
5868250351,다이슨 헤어드라이기 호환 플라이어웨이 노즐 범용 부품 FFQ-01,중국 OEM,14900,N/A,N/A,48,4.53,https://shopping.naver.com/window-products/beauty/5868250351,['이미용가전액세서리'],N/A,BetterBuy,0,20250703_125653
5273188886,샤오미 SMATE 휴대용 터빈 3엽 미니 전기면도기 ﻿ST-R101,SMATE,39000,N/A,N/A,31,4.52,https://shopping.naver.com/window-products/beauty/5273188886,['전기면도기'],N/A,차이나타오,0,20250703_125653
5261652132,샤오미 미지아 접이식 음이온 헤어드라이기 H100 CMJ02LXW,샤오미,32500,N/A,N/A,73,4.52,https://shopping.naver.com/window-products/beauty/5261652132,['드라이어'],N/A,차이나타오,0,20250703_125653
6470497288,KSKIN 전동 모발 관리 제거기 다용도 미니 제모기 K505A,샤오미,19900,N/A,N/A,2,4.5,https://shopping.naver.com/window-products/beauty/6470497288,['제모기'],N/A,BetterBuy,0,20250703_125653
9291181425,ENCHEN 전기 면도기 휴대용 면도기 BlackStone,ENCHEN,18900,N/A,N/A,17,4.47,https://shopping.naver.com/window-products/beauty/9291181425,['전기면도기'],N/A,BetterBuy,0,20250703_125653
6942892974,beauty life 전동두피마사지기 모발관기기 10132201,beauty life,30900,N/A,N/A,15,4.47,https://shopping.naver.com/window-products/beauty/6942892974,['두피케어기기'],N/A,차이나타오,0,20250703_125653
5847018742,i초음파 이온 아쿠아 필링기 워터 삭피제거기 MS7100,샤오미,38900,N/A,N/A,23,4.39,https://shopping.naver.com/window-products/beauty/5847018742,['피부케어기기'],N/A,BetterBuy,0,20250703_125653
6184346115,PINSHILE 스탠드식 높이 각도 조절 가능 리모컨 컨트롤 전기식 헤어 드라이어 01,PINSHILE,195800,N/A,N/A,8,4.38,https://shopping.naver.com/window-products/beauty/6184346115,['드라이어'],N/A,차이나타오,0,20250703_125653
8201112762,KAIDA 냉열 얼굴 스팀기 미니 피부 보습 미스트기 S2025,KAIDA,31900,N/A,N/A,3,4.33,https://shopping.naver.com/window-products/beauty/8201112762,['피부케어기기'],N/A,BetterBuy,0,20250703_125653
5208111988,"타라베라 스플릿엔더 프로 살롱 SEPRO-PB/CST, 프로 2 홈 ﻿SEP2-B/US 프로페셔널 클리닉 커트기",타라베라,321360,N/A,N/A,6,4.33,https://shopping.naver.com/window-products/beauty/5208111988,['기타이미용가전'],N/A,Shop New York,0,20250703_125653
5331673156,well skins 블랙헤드제거기 WX-HT100,샤오미,38900,N/A,N/A,103,4.31,https://shopping.naver.com/window-products/beauty/5331673156,['피부케어기기'],N/A,BetterBuy,0,20250703_125653
6022298128,HT PRETTY 건습 겸용 3in1 음이온 ﻿브러쉬 고데기 헤어드라이기 헤어스타일러 SM5250,HT PRETTY,21900,N/A,N/A,18,4.28,https://shopping.naver.com/window-products/beauty/6022298128,['고데기/매직기'],N/A,차이나타오,0,20250703_125653
6221289948,JIANDA 물결고데기 롤고데기 웨이브 고데기 JD-016,JIANDA,24900,N/A,N/A,16,4.25,https://shopping.naver.com/window-products/beauty/6221289948,['고데기/매직기'],N/A,차이나타오,0,20250703_125653
5093014743,3단 물결웨이브 고데기 여신머리 스타일링 WX-01,N/A,25000,N/A,N/A,26,4.23,https://shopping.naver.com/window-products/beauty/5093014743,['고데기/매직기'],N/A,차이나타오,0,20250703_125653
7451740515,KSKIN 온도조절 음이온 세라믹 2 in 1 매직 고데기 KD280,샤오미,39900,N/A,N/A,5,4.2,https://shopping.naver.com/window-products/beauty/7451740515,['고데기/매직기'],N/A,BetterBuy,0,20250703_125653
9925149027,메이크온 스킨라이트 테라피Ⅲ,아모레퍼시픽,350000,N/A,N/A,7,4.14,https://shopping.naver.com/window-products/beauty/9925149027,['피부케어기기'],N/A,아모레 스토어,0,20250703_125653
5443764963,K·SKIN 2in1 스트레이트너 고데기 KD380,K·SKIN,34900,N/A,N/A,16,4.13,https://shopping.naver.com/window-products/beauty/5443764963,['고데기/매직기'],N/A,BetterBuy,0,20250703_125653
9901107223,KSKIN 무선 빗 고데기 헤어 스타일링 음이온 매직기 휴대용 KD382S,KSKIN,45900,N/A,N/A,14,4.07,https://shopping.naver.com/window-products/beauty/9901107223,['고데기/매직기'],N/A,BetterBuy,0,20250703_125653
6668720791,KSKIN 고데기 음이온 헤어케어 PTC 발열 글램웨이브 볼륨 스타일 40mm KD885,샤오미,49900,N/A,N/A,5,4.0,https://shopping.naver.com/window-products/beauty/6668720791,['고데기/매직기'],N/A,BetterBuy,0,20250703_125653
6396261700,전동 눈썹칼 미니 다용도 눈썹 정리 제모기 전털정리펜 바리깡 DDXMB01,KAIDA,9900,N/A,N/A,2,4.0,https://shopping.naver.com/window-products/beauty/6396261700,['제모기'],N/A,BetterBuy,0,20250703_125653
6211938534,미니 두피 마사지기 반려동물 고야이 강아지 안마기 M2,샤오미,39900,N/A,N/A,2,4.0,https://shopping.naver.com/window-products/beauty/6211938534,['두피케어기기'],N/A,BetterBuy,0,20250703_125653
6022670151,well skins 업그레이드 USB 충전식 블랙헤드제거기 WX-HT200,샤오미,36900,N/A,N/A,1,4.0,https://shopping.naver.com/window-products/beauty/6022670151,['피부케어기기'],N/A,BetterBuy,0,20250703_125653
5228484487,필립스 시리즈 9 무선 전기 면도기 / Philips Shaver 9800 S9731,필립스,449000,N/A,N/A,2,4.0,https://shopping.naver.com/window-products/beauty/5228484487,['전기면도기'],N/A,유로붐,0,20250703_125653
4384646050,파나소닉 속눈썹 고데기(2종택1),파나소닉,39800,N/A,N/A,1,4.0,https://shopping.naver.com/window-products/beauty/4384646050,['속눈썹고데기'],N/A,나니코레,0,20250703_125653
8321160151,KSKIN 페이스 스티머 미스트기 얼굴 온열 나노 스팀기 KD2300,샤오미,29900,N/A,N/A,14,3.93,https://shopping.naver.com/window-products/beauty/8321160151,['피부케어기기'],N/A,BetterBuy,0,20250703_125653
8906035106,이응이응 무선 셀프 네일 아트 드릴 젤 그라인더 발톱 가는 기계 손톱 정리 CHX0440,이응이응,15990,N/A,N/A,4,3.75,https://shopping.naver.com/window-products/beauty/8906035106,['손발톱정리기'],N/A,블레오 글로벌,0,20250703_125653
6291184945,KSKIN 음이온 뷰티 빗 고데기 2in 1 매직 볼륨 겸용 KD380K,샤오미,48900,N/A,N/A,4,3.5,https://shopping.naver.com/window-products/beauty/6291184945,['고데기/매직기'],N/A,BetterBuy,0,20250703_125653
8535395440,블레오 LED 전동 발톱 스케일링 손톱 깎이 트리머 정리기 휴대용 CHX0493,블레오,14990,N/A,N/A,1,3.0,https://shopping.naver.com/window-products/beauty/8535395440,['손발톱정리기'],N/A,블레오 글로벌,0,20250703_125653
6660544279,WellSkins 리프팅기 괄사도구 EMS미전류 마사지기 온몸 미용기계 BJ808,샤오미,45900,N/A,N/A,2,3.0,https://shopping.naver.com/window-products/beauty/6660544279,['피부케어기기'],N/A,BetterBuy,0,20250703_125653
6300774709,KSKIN 미스트 피부 보습기 미니 가습니 미용 스팀기 KD2331A,샤오미,29900,N/A,N/A,2,3.0,https://shopping.naver.com/window-products/beauty/6300774709,['피부케어기기'],N/A,BetterBuy,0,20250703_125653
4583280216,무인양품 여행용 무선 고데기,무인양품,73800,N/A,N/A,1,3.0,https://shopping.naver.com/window-products/beauty/4583280216,['고데기/매직기'],N/A,이찌방깡,0,20250703_125653
9591262405,Enchen 전기 면도기 건식 습식 양용 C타입 충전 방수 휴대용 면도기 X8-C,Enchen,24900,N/A,N/A,2,2.5,https://shopping.naver.com/window-products/beauty/9591262405,['전기면도기'],N/A,BetterBuy,0,20250703_125653
9904904276,KSKIN 광파 두피 케어 마사지빗 헤어토닉 도포 2in1 헤어 브러쉬 KD-3806,KSKIN,52900,N/A,N/A,0,0.0,https://shopping.naver.com/window-products/beauty/9904904276,['두피케어기기'],N/A,BetterBuy,0,20250703_125653
9328090913,"필립스 SenseIQ 테크놀로지 노렐코 면도기 6800, SenseIQ 기술, 시리즈 6000",필립스,169100,N/A,N/A,0,0.0,https://shopping.naver.com/window-products/beauty/9328090913,['전기면도기'],N/A,러브시카고,0,20250703_125653
8741449410,KSKIN 헤어 진동 마사지 브러쉬 LED 두피케어 마사지빗 KD3802,샤오미_SKT,79900,N/A,N/A,0,0.0,https://shopping.naver.com/window-products/beauty/8741449410,['두피케어기기'],N/A,BetterBuy,0,20250703_125653
8714566213,KAIDA 미니 미스트기 피부 보습 케어 무선 충전식 미스트기 ZYY-01,KAIDA,29900,N/A,N/A,0,0.0,https://shopping.naver.com/window-products/beauty/8714566213,['피부케어기기'],N/A,BetterBuy,0,20250703_125653
6581187084,브라운 시리즈 9 무선 전기 면도기 충전스테이션 이온배터리  9340s 블랙,BRAUN,380000,N/A,N/A,0,0.0,https://shopping.naver.com/window-products/beauty/6581187084,['전기면도기'],N/A,유로붐,0,20250703_125653
6567577498,KSKIN 2in 1 가정용 헤라 매직기 뷰티 빗 고데기 전문가용 KD3801,샤오미,38900,N/A,N/A,0,0.0,https://shopping.naver.com/window-products/beauty/6567577498,['고데기/매직기'],N/A,BetterBuy,0,20250703_125653
6052811157,질레트 일회용 면도기 Gillette 센서 2 플러스 디스포저블 레이저 52개입,GILLETTE,45000,N/A,N/A,0,0.0,https://shopping.naver.com/window-products/beauty/6052811157,['전기면도기'],N/A,트레이더 조이,0,20250703_125653
5653578182,카이 핫 속눈썹 고데기 글래머러스 레드 1개,카이,38200,N/A,N/A,0,0.0,https://shopping.naver.com/window-products/beauty/5653578182,['속눈썹고데기'],N/A,라꾸라꾸재팬,0,20250703_125653
5239348161,브라운 수염 및 헤어 면도기 BT7040 실버,BRAUN,122000,N/A,N/A,0,0.0,https://shopping.naver.com/window-products/beauty/5239348161,['전기면도기'],N/A,유로붐,0,20250703_125653
5239328854,브라운 시리즈3  프로스킨 무선 전기 면도기 3040s 블랙,BRAUN,199000,N/A,N/A,0,0.0,https://shopping.naver.com/window-products/beauty/5239328854,['전기면도기'],N/A,유로붐,0,20250703_125653
5016796997,쇼비 속눈썹 고데기(2종택1),쇼비,39800,N/A,N/A,0,0.0,https://shopping.naver.com/window-products/beauty/5016796997,['속눈썹고데기'],N/A,나니코레,0,20250703_125653
4848636574,질레트 비너스 센스티브 면도기 15개입,질레트,136150,N/A,N/A,0,0.0,https://shopping.naver.com/window-products/beauty/4848636574,['전기면도기'],N/A,비아비아라이프,0,20250703_125653
4660043523,Style noble 피지 흡착 제거기,N/A,19800,N/A,N/A,0,0.0,https://shopping.naver.com/window-products/beauty/4660043523,['피부케어기기'],N/A,나니코레,0,20250703_125653
4646616149,포어누쿠 스폿 클린 블랙헤드 제거기,N/A,18000,N/A,N/A,0,0.0,https://shopping.naver.com/window-products/beauty/4646616149,['피부케어기기'],N/A,나니코레,0,20250703_125653
4414737330,파나소닉 NATURAL 속눈썹 고데기 (2종택1),N/A,27000,N/A,N/A,0,0.0,https://shopping.naver.com/window-products/beauty/4414737330,['속눈썹고데기'],N/A,나니코레,0,20250703_125653
4249597972,BIOSKIN 스킨 체크 분석기,BIOSKIN,64800,N/A,N/A,0,0.0,https://shopping.naver.com/window-products/beauty/4249597972,['기타이미용가전'],N/A,1BON도쿄,0,20250703_125653
3911147773,파나소닉 아뮤레 속눈썹컬러 EH2385P－W,파나소닉,39800,N/A,N/A,0,0.0,https://shopping.naver.com/window-products/beauty/3911147773,['눈썹정리기'],N/A,도쿄투데이,0,20250703_125653
3435184096,필립스 노렐코 HQ7 헤드 3개입,N/A,45240,N/A,N/A,0,0.0,https://shopping.naver.com/window-products/beauty/3435184096,['면도날/망'],N/A,미국장보기,0,20250703_125653
12015934712,제니퍼 핀큐어 휴대용 젤램프 네일램프 1.8cm 11cm 1개,제니퍼,29800,N/A,N/A,0,0.0,https://shopping.naver.com/window-products/beauty/12015934712,['손발톱정리기'],N/A,제니퍼,0,20250703_125653
11911398080,브라운 시리즈 9 스포츠+ 무선 전기 면도기 블랙 Braun series 9 Sport+ 9350cc,BRAUN,399100,N/A,N/A,0,0.0,https://shopping.naver.com/window-products/beauty/11911398080,['전기면도기'],N/A,러브시카고,0,20250703_125653
11297679813,다이슨 에어랩 롱배럴,다이슨,69000,N/A,N/A,0,0.0,https://shopping.naver.com/window-products/beauty/11297679813,['이미용가전액세서리'],N/A,해즈홀릭,0,20250703_125653
11231945483,프리미엄 뷰티 디바이스 리쥬리프 (PR-RLB10BT),리쥬란힐러,1590000,N/A,N/A,0,0.0,https://shopping.naver.com/window-products/beauty/11231945483,['피부케어기기'],N/A,리쥬란 코스메틱,0,20250703_125653
10440900718,코스메플레이스[셀로니아] 바이오 포페시스 포 페이스 445g,셀로니아,199000,N/A,N/A,0,0.0,https://shopping.naver.com/window-products/beauty/10440900718,['피부케어기기'],N/A,코스메플레이스,0,20250703_125653
10243086447,르꽁뜨 드라이기 BLDC 샤인 헤어 전문가용 고출력 저소음 경량 빠른건조 플라즈마이온 1개,르꽁뜨바이헤어,259000,N/A,N/A,0,0.0,https://shopping.naver.com/window-products/beauty/10243086447,['드라이어'],N/A,르꽁뜨바이헤어,0,20250703_125653
10074139995,KSKIN 빗드라이기 봉고데기 매직기 올인원 드라이어 에어브러쉬 KD381S,KSKIN,32900,N/A,N/A,0,0.0,https://shopping.naver.com/window-products/beauty/10074139995,['에어브러시'],N/A,BetterBuy,0,20250703_125653
